caseid,birthyr,gender,race,educ,pid3,pid7,presvote20post,inputstate,region,party,visits_adult,visits_nonadult,visits,prop_adult_visits,rep,duration_adult,duration_nonadult,yes_visit_adults,race2,cohort,age,age2,educ2
200661421,1963,2,1,4,3,3,1,39,2,D,0.0,1728.0,1728.0,0.0,0.0,0.0,77642.0,0.0,1,1960,60,3600,4
200686597,1992,2,6,5,5,8,-1,48,3,,243.0,3994.0,4237.0,5.735189992919518,,25952.0,234196.0,1.0,5,1990,31,961,4
200953869,1959,2,1,5,2,7,2,42,1,R,0.0,20.0,20.0,0.0,1.0,0.0,1182.0,0.0,1,1960,64,4096,4
201302005,1966,2,2,3,5,8,1,12,3,,20.0,527.0,547.0,3.656307129798903,,6166.0,23855.0,1.0,2,1970,57,3249,3
201590505,1977,1,4,5,3,3,1,6,4,D,11.0,11075.0,11086.0,0.09922424679776294,0.0,428.0,382733.0,1.0,4,1980,46,2116,4
201631749,1996,1,3,5,3,4,1,6,4,I,1107.0,16361.0,17468.0,6.337302495992672,,31506.0,411490.0,1.0,3,2000,27,729,4
2019721,1981,2,1,4,1,1,1,12,3,D,,,,,0.0,,,,1,1980,42,1764,4
202180733,1961,1,2,4,-1,-1,-1,6,4,,,,,,,,,,2,1960,62,3844,4
202293781,1984,2,1,2,3,4,6,27,2,I,,,,,,,,,1,1980,39,1521,2
202467369,1985,2,1,5,2,7,2,36,1,R,0.0,2451.0,2451.0,0.0,1.0,0.0,162766.0,0.0,1,1980,38,1444,4
202568909,1993,2,5,6,-1,-1,-1,42,1,,0.0,8512.0,8512.0,0.0,,0.0,168912.0,0.0,5,1990,30,900,4
202575221,1970,2,1,3,2,7,2,12,3,R,0.0,5564.0,5564.0,0.0,1.0,0.0,364540.0,0.0,1,1970,53,2809,3
202579925,1965,1,1,3,1,1,1,29,2,D,0.0,40.0,40.0,0.0,0.0,0.0,770.0,0.0,1,1960,58,3364,3
203109813,1996,2,1,5,3,3,1,49,4,D,0.0,634.0,634.0,0.0,0.0,0.0,26770.0,0.0,1,2000,27,729,4
203250525,1970,2,1,2,1,1,1,42,1,D,0.0,7971.0,7971.0,0.0,0.0,0.0,83329.0,0.0,1,1970,53,2809,2
203253337,2000,2,1,3,-1,-1,-1,42,1,,0.0,3861.0,3861.0,0.0,,0.0,147797.0,0.0,1,2000,23,529,3
203271,1980,2,1,6,1,2,-1,54,3,D,0.0,6555.0,6555.0,0.0,0.0,0.0,94707.0,0.0,1,1980,43,1849,4
203359885,1981,2,1,4,3,3,1,26,2,D,,,,,0.0,,,,1,1980,42,1764,4
203430477,1949,2,1,5,3,5,1,12,3,R,0.0,49000.0,49000.0,0.0,1.0,0.0,514403.0,0.0,1,1950,74,5476,4
203457165,1960,2,1,3,1,1,1,41,4,D,,,,,0.0,,,,1,1960,63,3969,3
204288513,1991,1,1,2,3,4,2,54,3,I,38.0,79884.0,79922.0,0.047546357698756286,,360.0,790079.0,1.0,1,1990,32,1024,2
204450829,2000,1,2,3,3,4,6,48,3,I,4246.0,37366.0,41612.0,10.203787369028165,,48957.0,572024.0,1.0,2,2000,23,529,3
204557249,1954,2,1,1,2,6,6,40,3,R,,,,,1.0,,,,1,1950,69,4761,1
2046153,1968,1,1,2,2,7,2,55,2,R,,,,,1.0,,,,1,1970,55,3025,2
204625113,1956,2,1,2,1,1,1,48,3,D,0.0,9362.0,9362.0,0.0,0.0,0.0,352821.0,0.0,1,1960,67,4489,2
205160605,1983,2,1,6,5,8,2,48,3,,,,,,,,,,1,1980,40,1600,4
2053065,1972,2,2,4,1,1,1,13,3,D,0.0,2475.0,2475.0,0.0,0.0,0.0,367516.0,0.0,2,1970,51,2601,4
205323077,1972,1,1,3,2,7,2,45,3,R,,,,,1.0,,,,1,1970,51,2601,3
205620321,1956,1,1,2,1,1,1,55,2,D,,,,,0.0,,,,1,1960,67,4489,2
205649397,1946,2,1,2,1,1,1,37,3,D,0.0,22.0,22.0,0.0,0.0,0.0,116.0,0.0,1,1950,77,5929,2
205936309,1980,1,2,4,1,2,1,13,3,D,,,,,0.0,,,,2,1980,43,1849,4
206433705,1938,2,1,3,2,7,2,41,4,R,0.0,1.0,1.0,0.0,1.0,0.0,5.0,0.0,1,1940,85,7225,3
206482981,1960,2,1,4,2,6,2,29,2,R,0.0,20929.0,20929.0,0.0,1.0,0.0,591351.0,0.0,1,1960,63,3969,4
206760065,1963,2,5,1,2,7,-1,40,3,R,0.0,70.0,70.0,0.0,1.0,0.0,4056.0,0.0,5,1960,60,3600,1
2079493,1953,2,1,2,2,6,1,6,4,R,0.0,6222.0,6222.0,0.0,1.0,0.0,326474.0,0.0,1,1950,70,4900,2
208194341,1963,2,1,5,-1,-1,-1,21,3,,0.0,9326.0,9326.0,0.0,,0.0,479323.0,0.0,1,1960,60,3600,4
208262549,2003,1,4,1,5,4,6,48,3,I,2.0,2318.0,2320.0,0.08620689655172414,,10.0,58861.0,1.0,4,2000,20,400,1
208352141,1963,2,1,3,3,4,2,12,3,I,0.0,7361.0,7361.0,0.0,,0.0,133831.0,0.0,1,1960,60,3600,3
208399637,1962,2,1,5,1,2,1,21,3,D,,,,,0.0,,,,1,1960,61,3721,4
2084559,1968,2,3,2,1,2,1,34,1,D,0.0,7439.0,7439.0,0.0,0.0,0.0,276601.0,0.0,3,1970,55,3025,2
208561057,1990,2,1,2,2,7,2,36,1,R,0.0,1131.0,1131.0,0.0,1.0,0.0,23764.0,0.0,1,1990,33,1089,2
2091803,1946,1,1,2,2,7,2,12,3,R,0.0,5647.0,5647.0,0.0,1.0,0.0,241002.0,0.0,1,1950,77,5929,2
209200697,1987,1,1,2,-1,-1,-1,55,2,,,,,,,,,,1,1990,36,1296,2
209277141,1972,1,1,4,2,6,2,27,2,R,,,,,1.0,,,,1,1970,51,2601,4
209668689,2000,1,1,2,3,4,-1,12,3,I,0.0,41.0,41.0,0.0,,0.0,26832.0,0.0,1,2000,23,529,2
210012397,1961,1,5,4,1,1,1,20,2,D,689.0,6108.0,6797.0,10.136825069883772,0.0,15216.0,115383.0,1.0,5,1960,62,3844,4
210158485,1979,2,1,3,2,6,2,47,3,R,1.0,534.0,535.0,0.1869158878504673,1.0,0.0,35210.0,1.0,1,1980,44,1936,3
210277869,1965,2,1,3,2,7,2,48,3,R,0.0,345.0,345.0,0.0,1.0,0.0,19624.0,0.0,1,1960,58,3364,3
210362181,1979,2,3,3,1,1,1,53,4,D,1416.0,1938.0,3354.0,42.21824686940966,0.0,325712.0,105106.0,1.0,3,1980,44,1936,3
2109537,1951,2,1,2,1,1,1,17,2,D,,,,,0.0,,,,1,1950,72,5184,2
211091057,1995,2,1,1,-1,-1,-1,48,3,,,,,,,,,,1,2000,28,784,1
211431193,1963,2,1,5,1,1,1,34,1,D,0.0,4449.0,4449.0,0.0,0.0,0.0,231837.0,0.0,1,1960,60,3600,4
212105717,1968,2,1,5,-1,-1,-1,8,4,,,,,,,,,,1,1970,55,3025,4
212617425,1997,2,2,4,-1,-1,-1,37,3,,0.0,4515.0,4515.0,0.0,,0.0,61288.0,0.0,2,2000,26,676,4
213028557,1952,2,1,5,1,1,1,41,4,D,0.0,148.0,148.0,0.0,0.0,0.0,4520.0,0.0,1,1950,71,5041,4
213370877,1965,2,1,3,3,5,2,4,4,R,,,,,1.0,,,,1,1960,58,3364,3
213655221,1976,2,1,2,5,4,-1,13,3,I,0.0,4039.0,4039.0,0.0,,0.0,49133.0,0.0,1,1980,47,2209,2
213819745,1962,2,1,2,1,2,-1,21,3,D,0.0,1733.0,1733.0,0.0,0.0,0.0,43696.0,0.0,1,1960,61,3721,2
214407333,1954,2,1,5,2,6,2,46,2,R,3.0,13182.0,13185.0,0.022753128555176336,1.0,116.0,518941.0,1.0,1,1950,69,4761,4
214412653,1969,2,1,3,3,5,2,17,2,R,0.0,173.0,173.0,0.0,1.0,0.0,6212.0,0.0,1,1970,54,2916,3
214518153,1972,2,1,3,1,2,6,26,2,D,,,,,0.0,,,,1,1970,51,2601,3
2146835,1941,1,1,3,1,1,1,41,4,D,,,,,0.0,,,,1,1940,82,6724,3
215010721,1972,1,1,2,3,4,5,4,4,I,753.0,13563.0,14316.0,5.259849119865884,,48732.0,446550.0,1.0,1,1970,51,2601,2
215261525,1988,2,1,5,1,2,1,5,3,D,17.0,7441.0,7458.0,0.22794314829713058,0.0,404.0,222441.0,1.0,1,1990,35,1225,4
216048809,1979,2,1,5,1,1,1,39,2,D,0.0,551.0,551.0,0.0,0.0,0.0,15507.0,0.0,1,1980,44,1936,4
216052633,1966,1,1,2,3,4,2,33,1,I,0.0,8243.0,8243.0,0.0,,0.0,248191.0,0.0,1,1970,57,3249,2
216457,1976,2,1,2,2,7,2,27,2,R,,,,,1.0,,,,1,1980,47,2209,2
2167149,1933,1,1,2,2,7,2,19,2,R,0.0,8252.0,8252.0,0.0,1.0,0.0,93472.0,0.0,1,1930,90,8100,2
216812081,1947,1,4,6,1,1,-1,-1,-1,D,,,,,0.0,,,,4,1950,76,5776,4
2171195,1960,1,1,5,2,7,2,37,3,R,,,,,1.0,,,,1,1960,63,3969,4
217150353,1979,2,1,2,5,8,6,47,3,,0.0,974.0,974.0,0.0,,0.0,57390.0,0.0,1,1980,44,1936,2
217191545,1964,2,1,4,1,2,1,41,4,D,0.0,3439.0,3439.0,0.0,0.0,0.0,207789.0,0.0,1,1960,59,3481,4
217806309,1956,2,1,2,2,7,2,56,4,R,0.0,14379.0,14379.0,0.0,1.0,0.0,475578.0,0.0,1,1960,67,4489,2
218611053,1976,2,1,2,2,7,2,36,1,R,,,,,1.0,,,,1,1980,47,2209,2
218746945,1993,2,1,2,1,2,6,36,1,D,55.0,827.0,882.0,6.235827664399093,0.0,5108.0,33891.0,1.0,1,1990,30,900,2
219060241,1982,2,1,2,3,8,-1,34,1,,0.0,7237.0,7237.0,0.0,,0.0,71123.0,0.0,1,1980,41,1681,2
219068937,1987,2,4,6,2,6,-1,10,3,R,,,,,1.0,,,,4,1990,36,1296,4
219232573,1976,2,2,3,1,1,1,51,3,D,,,,,0.0,,,,2,1980,47,2209,3
219256429,1957,1,6,6,-1,-1,-1,12,3,,,,,,,,,,5,1960,66,4356,4
219344965,1996,2,1,3,1,1,6,40,3,D,,,,,0.0,,,,1,2000,27,729,3
219478189,1987,2,1,5,3,4,2,21,3,I,,,,,,,,,1,1990,36,1296,4
219478277,1965,2,3,5,4,8,-1,37,3,,,,,,,,,,3,1960,58,3364,4
219493349,2002,2,1,3,3,4,1,29,2,I,88.0,453.0,541.0,16.266173752310536,,11138.0,66514.0,1.0,1,2000,21,441,3
220056537,1958,2,1,6,2,7,2,30,4,R,170.0,3801.0,3971.0,4.281037522034752,1.0,19192.0,143935.0,1.0,1,1960,65,4225,4
220086349,1999,1,6,2,3,3,6,41,4,D,6.0,140.0,146.0,4.10958904109589,0.0,422.0,5540.0,1.0,5,2000,24,576,2
220335253,1995,1,4,2,1,2,-1,17,2,D,0.0,4384.0,4384.0,0.0,0.0,0.0,69362.0,0.0,4,2000,28,784,2
220476725,1971,2,1,4,2,7,2,8,4,R,,,,,1.0,,,,1,1970,52,2704,4
220886017,1965,1,1,2,4,3,6,25,1,D,0.0,1088.0,1088.0,0.0,0.0,0.0,71474.0,0.0,1,1960,58,3364,2
2210037,1942,1,3,1,1,1,1,36,1,D,2.0,12936.0,12938.0,0.015458339774308239,0.0,122.0,209228.0,1.0,3,1940,81,6561,1
222701181,1958,2,1,4,1,2,1,6,4,D,0.0,3568.0,3568.0,0.0,0.0,0.0,183261.0,0.0,1,1960,65,4225,4
223002933,1978,1,4,6,1,2,1,6,4,D,,,,,0.0,,,,4,1980,45,2025,4
223864433,1980,2,1,3,5,8,6,54,3,,2.0,1292.0,1294.0,0.1545595054095827,,2.0,33706.0,1.0,1,1980,43,1849,3
223907837,1956,2,1,2,2,7,2,42,1,R,0.0,2512.0,2512.0,0.0,1.0,0.0,135821.0,0.0,1,1960,67,4489,2
2239413,1942,1,1,1,2,7,2,4,4,R,166.0,10401.0,10567.0,1.5709283618813286,1.0,2876.0,278477.0,1.0,1,1940,81,6561,1
224367081,1971,2,1,3,1,1,1,23,1,D,0.0,1494.0,1494.0,0.0,0.0,0.0,36245.0,0.0,1,1970,52,2704,3
225137717,2001,1,1,3,2,6,-1,51,3,R,0.0,8778.0,8778.0,0.0,1.0,0.0,288133.0,0.0,1,2000,22,484,3
2253253,1961,1,1,6,1,1,1,35,4,D,,,,,0.0,,,,1,1960,62,3844,4
225883357,1954,2,2,3,5,8,-1,36,1,,,,,,,,,,2,1950,69,4761,3
2260987,1963,1,1,3,2,7,2,48,3,R,,,,,1.0,,,,1,1960,60,3600,3
226524537,1979,2,1,2,5,5,6,36,1,R,0.0,799.0,799.0,0.0,1.0,0.0,86128.0,0.0,1,1980,44,1936,2
226587145,1972,2,1,2,2,7,2,47,3,R,0.0,471.0,471.0,0.0,1.0,0.0,27972.0,0.0,1,1970,51,2601,2
226708285,1956,2,1,3,2,6,-1,39,2,R,10.0,18489.0,18499.0,0.05405697605275961,1.0,148.0,407126.0,1.0,1,1960,67,4489,3
227055517,1950,2,1,3,3,4,2,48,3,I,,,,,,,,,1,1950,73,5329,3
227173505,1998,1,6,5,1,1,6,42,1,D,,,,,0.0,,,,5,2000,25,625,4
2272655,1943,1,1,6,1,1,1,31,2,D,,,,,0.0,,,,1,1940,80,6400,4
227459329,1993,2,2,2,1,2,6,26,2,D,0.0,18.0,18.0,0.0,0.0,0.0,7986.0,0.0,2,1990,30,900,2
227619185,1990,1,1,3,1,1,1,44,1,D,,,,,0.0,,,,1,1990,33,1089,3
227982489,1954,1,1,2,-1,-1,-1,24,3,,0.0,287.0,287.0,0.0,,0.0,5262.0,0.0,1,1950,69,4761,2
2282919,1965,1,1,2,2,7,2,55,2,R,183.0,2389.0,2572.0,7.115085536547435,1.0,15706.0,100825.0,1.0,1,1960,58,3364,2
228445537,1971,1,1,5,2,7,2,17,2,R,,,,,1.0,,,,1,1970,52,2704,4
228845729,1974,2,1,3,2,6,2,42,1,R,,,,,1.0,,,,1,1970,49,2401,3
228847105,1955,2,1,4,-1,-1,-1,12,3,,,,,,,,,,1,1960,68,4624,4
2288993,1953,1,1,4,2,6,2,32,4,R,482.0,6390.0,6872.0,7.013969732246799,1.0,19704.0,135730.0,1.0,1,1950,70,4900,4
229060941,1944,2,1,2,1,1,6,21,3,D,0.0,18564.0,18564.0,0.0,0.0,0.0,460899.0,0.0,1,1940,79,6241,2
229095257,1989,2,2,3,1,1,1,37,3,D,,,,,0.0,,,,2,1990,34,1156,3
229435573,1969,2,1,5,3,4,1,6,4,I,,,,,,,,,1,1970,54,2916,4
229813265,1981,2,2,6,1,1,1,36,1,D,,,,,0.0,,,,2,1980,42,1764,4
230267613,1966,2,1,3,2,7,2,12,3,R,0.0,1169.0,1169.0,0.0,1.0,0.0,59375.0,0.0,1,1970,57,3249,3
230808589,1978,2,1,3,2,7,-1,19,2,R,,,,,1.0,,,,1,1980,45,2025,3
2310101,1977,1,1,4,3,5,2,17,2,R,0.0,290.0,290.0,0.0,1.0,0.0,5762.0,0.0,1,1980,46,2116,4
231014749,1984,1,4,6,3,4,6,37,3,I,,,,,,,,,4,1980,39,1521,4
2314047,1950,1,1,5,3,3,1,12,3,D,0.0,1783.0,1783.0,0.0,0.0,0.0,27979.0,0.0,1,1950,73,5329,4
231432505,1969,2,3,2,1,1,1,48,3,D,0.0,2065.0,2065.0,0.0,0.0,0.0,30740.0,0.0,3,1970,54,2916,2
2316473,1961,1,2,3,1,2,1,37,3,D,34.0,14232.0,14266.0,0.23832889387354547,0.0,2294.0,423976.0,1.0,2,1960,62,3844,3
2316839,1963,2,1,2,-1,-1,-1,17,2,,0.0,5861.0,5861.0,0.0,,0.0,339778.0,0.0,1,1960,60,3600,2
232001853,1967,1,1,4,1,1,1,55,2,D,,,,,0.0,,,,1,1970,56,3136,4
232501693,1960,1,1,3,1,1,2,19,2,D,0.0,1632.0,1632.0,0.0,0.0,0.0,22546.0,0.0,1,1960,63,3969,3
232776057,1948,1,1,2,2,7,-1,5,3,R,0.0,1318.0,1318.0,0.0,1.0,0.0,71411.0,0.0,1,1950,75,5625,2
2328591,1934,2,1,2,2,7,2,6,4,R,,,,,1.0,,,,1,1930,89,7921,2
232872673,1989,1,1,3,1,2,1,29,2,D,,,,,0.0,,,,1,1990,34,1156,3
2329325,1975,2,1,5,2,6,2,26,2,R,,,,,1.0,,,,1,1980,48,2304,4
2330841,1979,2,1,4,3,3,1,51,3,D,,,,,0.0,,,,1,1980,44,1936,4
233426857,1959,2,1,3,2,6,2,36,1,R,0.0,17.0,17.0,0.0,1.0,0.0,734.0,0.0,1,1960,64,4096,3
233644629,1983,1,1,2,3,4,2,42,1,I,9.0,3162.0,3171.0,0.28382213812677387,,896.0,99572.0,1.0,1,1980,40,1600,2
233672493,1977,2,1,2,1,1,1,51,3,D,,,,,0.0,,,,1,1980,46,2116,2
233690901,1975,2,1,5,1,1,1,12,3,D,0.0,5487.0,5487.0,0.0,0.0,0.0,298468.0,0.0,1,1980,48,2304,4
233892273,1995,1,1,2,3,3,6,42,1,D,,,,,0.0,,,,1,2000,28,784,2
234236841,1974,2,1,4,2,7,2,39,2,R,,,,,1.0,,,,1,1970,49,2401,4
234427865,1973,1,1,3,3,4,2,21,3,I,,,,,,,,,1,1970,50,2500,3
234553349,1956,1,1,4,3,3,6,36,1,D,,,,,0.0,,,,1,1960,67,4489,4
234680225,1980,1,3,6,1,2,-1,12,3,D,6.0,13827.0,13833.0,0.04337453914552158,0.0,147.0,456343.0,1.0,3,1980,43,1849,4
2352659,1949,1,1,6,2,6,1,49,4,R,,,,,1.0,,,,1,1950,74,5476,4
235562221,1980,1,1,2,3,4,6,47,3,I,,,,,,,,,1,1980,43,1849,2
235585525,1991,2,3,2,2,6,-1,12,3,R,0.0,1138.0,1138.0,0.0,1.0,0.0,24182.0,0.0,3,1990,32,1024,2
235792569,1984,1,2,3,1,1,1,9,1,D,,,,,0.0,,,,2,1980,39,1521,3
235818525,1981,2,1,1,1,2,1,47,3,D,,,,,0.0,,,,1,1980,42,1764,1
236720557,1994,1,1,6,1,1,1,45,3,D,,,,,0.0,,,,1,1990,29,841,4
236794249,1960,2,2,1,1,1,1,37,3,D,,,,,0.0,,,,2,1960,63,3969,1
237094905,1964,2,1,3,-1,-1,-1,54,3,,,,,,,,,,1,1960,59,3481,3
237139225,2001,2,3,3,1,1,1,36,1,D,0.0,1111.0,1111.0,0.0,0.0,0.0,81181.0,0.0,3,2000,22,484,3
237444549,1954,2,2,3,1,1,1,25,1,D,,,,,0.0,,,,2,1950,69,4761,3
237685013,1951,1,1,6,2,7,2,42,1,R,10.0,19220.0,19230.0,0.05200208008320333,1.0,198.0,677677.0,1.0,1,1950,72,5184,4
2376943,1983,1,1,6,2,7,2,19,2,R,,,,,1.0,,,,1,1980,40,1600,4
2378833,1952,1,1,3,2,7,2,40,3,R,0.0,4162.0,4162.0,0.0,1.0,0.0,74084.0,0.0,1,1950,71,5041,3
238181637,1965,1,1,3,3,4,2,24,3,I,,,,,,,,,1,1960,58,3364,3
238247969,2003,2,1,1,1,1,6,25,1,D,0.0,1592.0,1592.0,0.0,0.0,0.0,160806.0,0.0,1,2000,20,400,1
239011341,1971,1,1,2,2,7,2,19,2,R,45.0,206.0,251.0,17.928286852589643,1.0,5572.0,11681.0,1.0,1,1970,52,2704,2
239404709,1946,1,1,4,2,7,-1,48,3,R,,,,,1.0,,,,1,1950,77,5929,4
239501149,1977,1,1,2,3,4,2,42,1,I,0.0,1818.0,1818.0,0.0,,0.0,309785.0,0.0,1,1980,46,2116,2
239957437,1964,2,1,4,2,6,2,39,2,R,,,,,1.0,,,,1,1960,59,3481,4
2399787,1950,2,1,5,2,7,2,36,1,R,0.0,9404.0,9404.0,0.0,1.0,0.0,415205.0,0.0,1,1950,73,5329,4
240016889,1983,2,1,3,-1,-1,-1,45,3,,0.0,62.0,62.0,0.0,,0.0,8510.0,0.0,1,1980,40,1600,3
240143533,1976,2,3,3,1,2,2,6,4,D,,,,,0.0,,,,3,1980,47,2209,3
2401499,1952,2,1,5,1,1,1,21,3,D,0.0,4184.0,4184.0,0.0,0.0,0.0,107541.0,0.0,1,1950,71,5041,4
2403639,1957,2,1,5,3,3,1,29,2,D,,,,,0.0,,,,1,1960,66,4356,4
240454485,2000,2,4,3,2,6,-1,17,2,R,,,,,1.0,,,,4,2000,23,529,3
240530409,1978,2,1,3,2,7,2,5,3,R,0.0,1040.0,1040.0,0.0,1.0,0.0,113131.0,0.0,1,1980,45,2025,3
241154313,1946,2,1,2,-1,-1,-1,12,3,,0.0,81.0,81.0,0.0,,0.0,875.0,0.0,1,1950,77,5929,2
2413667,1969,1,6,5,3,3,1,48,3,D,0.0,12303.0,12303.0,0.0,0.0,0.0,1615038.0,0.0,5,1970,54,2916,4
241847997,1964,2,1,4,2,6,2,53,4,R,,,,,1.0,,,,1,1960,59,3481,4
242217445,1944,2,1,4,1,1,1,12,3,D,,,,,0.0,,,,1,1940,79,6241,4
242469141,1964,2,1,3,1,1,1,4,4,D,0.0,894.0,894.0,0.0,0.0,0.0,30508.0,0.0,1,1960,59,3481,3
242512417,1960,2,1,5,2,7,2,48,3,R,,,,,1.0,,,,1,1960,63,3969,4
242543369,1970,2,1,4,3,3,1,36,1,D,0.0,3174.0,3174.0,0.0,0.0,0.0,84610.0,0.0,1,1970,53,2809,4
242700309,1995,2,1,3,2,7,2,21,3,R,,,,,1.0,,,,1,2000,28,784,3
2430305,1943,1,1,2,3,5,2,54,3,R,128.0,7264.0,7392.0,1.7316017316017316,1.0,7810.0,184808.0,1.0,1,1940,80,6400,2
2435465,1950,1,1,4,3,4,2,6,4,I,0.0,3466.0,3466.0,0.0,,0.0,197696.0,0.0,1,1950,73,5329,4
243681037,1954,1,1,6,2,7,2,12,3,R,10.0,26368.0,26378.0,0.03791037986200622,1.0,188.0,258604.0,1.0,1,1950,69,4761,4
244112101,1986,2,1,2,2,7,2,1,3,R,11.0,881.0,892.0,1.2331838565022422,1.0,356.0,44076.0,1.0,1,1990,37,1369,2
244193581,1953,2,1,2,3,4,6,49,4,I,16.0,2749.0,2765.0,0.5786618444846293,,608.0,205112.0,1.0,1,1950,70,4900,2
244643369,1972,2,1,2,3,3,1,42,1,D,,,,,0.0,,,,1,1970,51,2601,2
2447159,1970,1,1,6,3,4,1,8,4,I,,,,,,,,,1,1970,53,2809,4
245320061,1977,1,1,6,1,1,1,-1,-1,D,0.0,1690.0,1690.0,0.0,0.0,0.0,94601.0,0.0,1,1980,46,2116,4
246189393,1974,2,1,6,3,3,1,36,1,D,,,,,0.0,,,,1,1970,49,2401,4
2468045,1955,2,1,3,4,3,1,53,4,D,,,,,0.0,,,,1,1960,68,4624,3
247036865,1983,2,1,2,1,2,1,31,2,D,,,,,0.0,,,,1,1980,40,1600,2
247242881,1977,2,1,5,3,4,2,29,2,I,15.0,706.0,721.0,2.0804438280166435,,5462.0,35872.0,1.0,1,1980,46,2116,4
247328173,1957,1,1,5,1,1,1,34,1,D,,,,,0.0,,,,1,1960,66,4356,4
247699957,1989,2,1,6,1,1,1,8,4,D,,,,,0.0,,,,1,1990,34,1156,4
247717705,1967,2,1,3,-1,-1,-1,6,4,,,,,,,,,,1,1970,56,3136,3
247808073,1959,1,1,3,3,5,2,28,3,R,596.0,3138.0,3734.0,15.961435457953938,1.0,15056.0,116517.0,1.0,1,1960,64,4096,3
2481535,1954,2,1,4,1,2,1,12,3,D,,,,,0.0,,,,1,1950,69,4761,4
248521081,1952,2,1,3,1,2,1,42,1,D,12.0,38420.0,38432.0,0.03122398001665279,0.0,76.0,509446.0,1.0,1,1950,71,5041,3
248679653,1969,1,1,3,2,7,2,45,3,R,,,,,1.0,,,,1,1970,54,2916,3
248695417,1980,2,1,5,2,6,2,54,3,R,,,,,1.0,,,,1,1980,43,1849,4
248725397,1989,1,1,5,1,2,3,53,4,D,,,,,0.0,,,,1,1990,34,1156,4
249731953,1979,2,1,3,5,8,6,6,4,,,,,,,,,,1,1980,44,1936,3
2497535,1953,1,1,2,2,6,2,12,3,R,109.0,19840.0,19949.0,0.5463933029224523,1.0,4898.0,856137.0,1.0,1,1950,70,4900,2
249888861,1989,2,4,5,5,4,6,6,4,I,0.0,275.0,275.0,0.0,,0.0,5544.0,0.0,4,1990,34,1156,4
2499367,1965,1,1,6,2,7,2,35,4,R,0.0,2300.0,2300.0,0.0,1.0,0.0,91007.0,0.0,1,1960,58,3364,4
250134101,1998,2,4,2,3,4,6,13,3,I,,,,,,,,,4,2000,25,625,2
250408589,1998,1,1,5,2,6,6,47,3,R,239.0,6187.0,6426.0,3.7192654839713666,1.0,5033.0,289512.0,1.0,1,2000,25,625,4
2505339,1975,1,1,5,3,4,2,39,2,I,0.0,1157.0,1157.0,0.0,,0.0,56294.0,0.0,1,1980,48,2304,4
250660037,1967,2,1,2,5,4,6,18,2,I,0.0,3064.0,3064.0,0.0,,0.0,52787.0,0.0,1,1970,56,3136,2
250915829,1991,2,1,2,1,1,6,8,4,D,0.0,2293.0,2293.0,0.0,0.0,0.0,31697.0,0.0,1,1990,32,1024,2
250950981,1981,2,2,4,1,1,1,39,2,D,1.0,100.0,101.0,0.9900990099009901,0.0,0.0,9724.0,1.0,2,1980,42,1764,4
251187161,1966,2,1,3,1,2,1,12,3,D,0.0,4046.0,4046.0,0.0,0.0,0.0,163629.0,0.0,1,1970,57,3249,3
251218561,1961,1,1,4,1,1,1,53,4,D,,,,,0.0,,,,1,1960,62,3844,4
251276773,1986,2,3,1,2,6,6,16,4,R,,,,,1.0,,,,3,1990,37,1369,1
251299085,1994,2,2,2,3,4,6,48,3,I,,,,,,,,,2,1990,29,841,2
251308853,1990,2,1,5,2,7,2,34,1,R,,,,,1.0,,,,1,1990,33,1089,4
251399997,1952,1,3,5,3,8,6,21,3,,237.0,4234.0,4471.0,5.300827555356744,,9967.0,165289.0,1.0,3,1950,71,5041,4
251405673,1973,1,1,6,1,1,1,55,2,D,22.0,7674.0,7696.0,0.2858627858627859,0.0,2472.0,462981.0,1.0,1,1970,50,2500,4
251510489,1936,2,1,6,3,3,1,27,2,D,,,,,0.0,,,,1,1940,87,7569,4
251770537,1986,1,1,2,2,6,2,24,3,R,,,,,1.0,,,,1,1990,37,1369,2
251782445,1967,2,1,5,1,2,1,36,1,D,,,,,0.0,,,,1,1970,56,3136,4
251931829,2000,1,1,1,1,1,6,51,3,D,53.0,4005.0,4058.0,1.3060620995564316,0.0,1482.0,146095.0,1.0,1,2000,23,529,1
252473301,2000,2,4,3,1,1,-1,17,2,D,171.0,6943.0,7114.0,2.4037109924093336,0.0,3546.0,165299.0,1.0,4,2000,23,529,3
252852933,1958,2,1,6,1,1,1,8,4,D,,,,,0.0,,,,1,1960,65,4225,4
253016529,1983,2,1,5,1,2,1,27,2,D,63.0,5735.0,5798.0,1.0865815798551224,0.0,18556.0,218958.0,1.0,1,1980,40,1600,4
253486101,2003,2,3,3,1,2,1,17,2,D,5.0,5580.0,5585.0,0.08952551477170993,0.0,70.0,169339.0,1.0,3,2000,20,400,3
2538251,1960,2,1,5,2,7,2,42,1,R,,,,,1.0,,,,1,1960,63,3969,4
253976005,1963,1,1,6,1,1,1,51,3,D,152.0,10221.0,10373.0,1.4653427166682733,0.0,25324.0,416560.0,1.0,1,1960,60,3600,4
254170605,1941,2,1,2,3,3,1,26,2,D,0.0,708.0,708.0,0.0,0.0,0.0,13195.0,0.0,1,1940,82,6724,2
254831241,1970,2,1,5,1,2,1,42,1,D,0.0,215.0,215.0,0.0,0.0,0.0,8883.0,0.0,1,1970,53,2809,4
255633653,1979,2,1,5,1,1,1,33,1,D,,,,,0.0,,,,1,1980,44,1936,4
255742005,1970,1,1,5,3,4,1,34,1,I,,,,,,,,,1,1970,53,2809,4
255802825,2001,2,2,3,1,1,-1,39,2,D,7.0,856.0,863.0,0.8111239860950173,0.0,64.0,45345.0,1.0,2,2000,22,484,3
255809053,1953,2,1,2,1,1,1,34,1,D,,,,,0.0,,,,1,1950,70,4900,2
255872965,1997,1,3,4,2,7,2,6,4,R,,,,,1.0,,,,3,2000,26,676,4
255988465,1999,2,1,5,-1,-1,-1,36,1,,2.0,2063.0,2065.0,0.09685230024213075,,6.0,770650.0,1.0,1,2000,24,576,4
256443253,1968,2,1,2,1,2,1,53,4,D,,,,,0.0,,,,1,1970,55,3025,2
256447493,1982,2,2,2,1,2,6,13,3,D,,,,,0.0,,,,2,1980,41,1681,2
256497941,1957,1,1,5,4,4,4,17,2,I,,,,,,,,,1,1960,66,4356,4
256526669,1961,2,3,2,1,2,1,36,1,D,26.0,539.0,565.0,4.601769911504425,0.0,2578.0,17751.0,1.0,3,1960,62,3844,2
256651861,1947,1,3,6,2,6,1,42,1,R,0.0,245.0,245.0,0.0,1.0,0.0,8872.0,0.0,3,1950,76,5776,4
256874513,1998,2,1,3,-1,-1,-1,-1,-1,,,,,,,,,,1,2000,25,625,3
256961393,1952,2,1,2,-1,-1,-1,42,1,,0.0,6231.0,6231.0,0.0,,0.0,87106.0,0.0,1,1950,71,5041,2
257462513,1962,2,1,5,1,2,1,48,3,D,,,,,0.0,,,,1,1960,61,3721,4
257495,1952,2,7,1,1,1,1,15,4,D,,,,,0.0,,,,5,1950,71,5041,1
257498549,1962,1,1,3,1,1,6,48,3,D,,,,,0.0,,,,1,1960,61,3721,3
257518081,1987,2,1,6,1,2,-1,6,4,D,4.0,3200.0,3204.0,0.12484394506866417,0.0,320.0,348178.0,1.0,1,1990,36,1296,4
257540909,1994,2,1,1,-1,-1,-1,45,3,,,,,,,,,,1,1990,29,841,1
257552457,2000,2,2,2,4,3,6,36,1,D,,,,,0.0,,,,2,2000,23,529,2
257623377,1952,2,6,4,1,1,1,27,2,D,,,,,0.0,,,,5,1950,71,5041,4
257729897,1989,2,1,5,3,4,-1,27,2,I,,,,,,,,,1,1990,34,1156,4
257952453,1989,2,3,2,4,8,6,48,3,,36.0,2348.0,2384.0,1.5100671140939599,,3814.0,89691.0,1.0,3,1990,34,1156,2
258033377,1982,2,2,5,1,1,1,6,4,D,,,,,0.0,,,,2,1980,41,1681,4
258547253,1988,2,1,3,1,2,1,45,3,D,0.0,929.0,929.0,0.0,0.0,0.0,31393.0,0.0,1,1990,35,1225,3
258555753,1999,1,1,5,3,4,1,12,3,I,,,,,,,,,1,2000,24,576,4
258632065,1999,1,1,3,-1,-1,-1,26,2,,0.0,134.0,134.0,0.0,,0.0,6012.0,0.0,1,2000,24,576,3
2586775,1943,1,1,2,1,2,1,36,1,D,35.0,4125.0,4160.0,0.8413461538461539,0.0,2376.0,181708.0,1.0,1,1940,80,6400,2
258952625,1975,1,2,2,-1,-1,-1,24,3,,,,,,,,,,2,1980,48,2304,2
259011181,1988,2,2,5,1,1,1,48,3,D,,,,,0.0,,,,2,1990,35,1225,4
259072677,1992,2,2,3,1,2,1,26,2,D,,,,,0.0,,,,2,1990,31,961,3
259130153,2001,2,1,3,-1,-1,-1,12,3,,,,,,,,,,1,2000,22,484,3
2591365,1933,1,1,3,3,5,2,26,2,R,0.0,2259.0,2259.0,0.0,1.0,0.0,56186.0,0.0,1,1930,90,8100,3
259166989,1986,2,1,2,3,4,6,47,3,I,0.0,859.0,859.0,0.0,,0.0,74343.0,0.0,1,1990,37,1369,2
259454865,1995,1,1,2,2,7,6,24,3,R,,,,,1.0,,,,1,2000,28,784,2
2598643,1984,1,1,3,1,1,-1,21,3,D,0.0,1834.0,1834.0,0.0,0.0,0.0,143862.0,0.0,1,1980,39,1521,3
259911269,1973,1,1,1,3,5,6,21,3,R,0.0,385.0,385.0,0.0,1.0,0.0,10944.0,0.0,1,1970,50,2500,1
259971705,1975,1,2,3,1,2,1,1,3,D,,,,,0.0,,,,2,1980,48,2304,3
260083285,1974,1,2,5,-1,-1,-1,24,3,,,,,,,,,,2,1970,49,2401,4
260191181,1971,2,2,2,3,4,6,48,3,I,0.0,866.0,866.0,0.0,,0.0,55097.0,0.0,2,1970,52,2704,2
260224017,1975,1,1,5,-1,-1,-1,51,3,,,,,,,,,,1,1980,48,2304,4
260437161,1964,1,5,3,3,4,6,53,4,I,0.0,1272.0,1272.0,0.0,,0.0,175091.0,0.0,5,1960,59,3481,3
260510301,1962,2,1,2,1,1,1,6,4,D,,,,,0.0,,,,1,1960,61,3721,2
262111057,1961,1,2,2,-1,-1,-1,45,3,,2.0,3285.0,3287.0,0.0608457560085184,,10.0,77470.0,1.0,2,1960,62,3844,2
262394553,1957,2,1,4,1,1,-1,37,3,D,,,,,0.0,,,,1,1960,66,4356,4
262543201,1980,2,1,3,5,4,2,48,3,I,0.0,5905.0,5905.0,0.0,,0.0,157142.0,0.0,1,1980,43,1849,3
262845801,1993,2,1,3,2,7,6,39,2,R,77.0,9042.0,9119.0,0.8443908323281062,1.0,1035.0,138314.0,1.0,1,1990,30,900,3
262891605,1955,1,1,2,3,2,1,34,1,D,96.0,1266.0,1362.0,7.048458149779736,0.0,6640.0,84402.0,1.0,1,1960,68,4624,2
263105157,1971,2,3,2,5,4,6,4,4,I,5.0,832.0,837.0,0.5973715651135006,,586.0,43427.0,1.0,3,1970,52,2704,2
263878181,1973,2,1,3,1,1,1,49,4,D,,,,,0.0,,,,1,1970,50,2500,3
263900033,1937,1,1,6,2,7,2,6,4,R,2415.0,4176.0,6591.0,36.640873918980425,1.0,47485.0,93433.0,1.0,1,1940,86,7396,4
264381945,1982,2,1,5,1,2,1,13,3,D,0.0,8480.0,8480.0,0.0,0.0,0.0,272934.0,0.0,1,1980,41,1681,4
264578605,1961,1,1,3,2,7,2,10,3,R,290.0,3709.0,3999.0,7.25181295323831,1.0,89308.0,150621.0,1.0,1,1960,62,3844,3
264650725,1960,2,1,1,3,4,-1,8,4,I,,,,,,,,,1,1960,63,3969,1
264859149,1989,2,3,2,2,7,2,48,3,R,0.0,904.0,904.0,0.0,1.0,0.0,33156.0,0.0,3,1990,34,1156,2
264934085,1981,1,1,2,1,2,1,6,4,D,,,,,0.0,,,,1,1980,42,1764,2
2650505,1936,2,1,6,1,1,1,6,4,D,,,,,0.0,,,,1,1940,87,7569,4
265403617,1993,2,1,4,4,3,1,18,2,D,,,,,0.0,,,,1,1990,30,900,4
265427509,1963,1,1,5,2,6,2,51,3,R,,,,,1.0,,,,1,1960,60,3600,4
265477173,2000,1,4,5,2,7,2,25,1,R,,,,,1.0,,,,4,2000,23,529,4
265482349,1999,1,1,2,3,4,6,29,2,I,0.0,6940.0,6940.0,0.0,,0.0,220276.0,0.0,1,2000,24,576,2
2655005,1960,2,1,5,2,6,2,26,2,R,,,,,1.0,,,,1,1960,63,3969,4
265599637,1971,1,3,3,1,1,1,6,4,D,0.0,1061.0,1061.0,0.0,0.0,0.0,47236.0,0.0,3,1970,52,2704,3
265612081,1969,2,2,2,1,1,1,11,3,D,2.0,4403.0,4405.0,0.04540295119182747,0.0,4.0,130733.0,1.0,2,1970,54,2916,2
265673065,1965,1,1,1,2,7,6,36,1,R,0.0,4646.0,4646.0,0.0,1.0,0.0,124625.0,0.0,1,1960,58,3364,1
265864537,1982,1,4,5,1,2,6,6,4,D,,,,,0.0,,,,4,1980,41,1681,4
265876421,1963,2,1,3,1,2,1,26,2,D,,,,,0.0,,,,1,1960,60,3600,3
2661043,1949,1,1,5,2,6,2,34,1,R,,,,,1.0,,,,1,1950,74,5476,4
266327261,1989,1,3,6,1,1,-1,6,4,D,,,,,0.0,,,,3,1990,34,1156,4
266449265,1944,2,6,5,-1,-1,-1,48,3,,0.0,2705.0,2705.0,0.0,,0.0,58892.0,0.0,5,1940,79,6241,4
266722373,1959,2,1,6,1,1,1,27,2,D,,,,,0.0,,,,1,1960,64,4096,4
266758841,1965,2,1,6,1,1,1,27,2,D,0.0,6634.0,6634.0,0.0,0.0,0.0,166650.0,0.0,1,1960,58,3364,4
2668063,1950,2,1,2,1,1,-1,27,2,D,0.0,20861.0,20861.0,0.0,0.0,0.0,1039411.0,0.0,1,1950,73,5329,2
267018425,1964,1,1,3,1,1,1,53,4,D,,,,,0.0,,,,1,1960,59,3481,3
267589685,1988,2,1,6,1,1,1,42,1,D,,,,,0.0,,,,1,1990,35,1225,4
267758317,1986,1,1,5,-1,-1,-1,26,2,,,,,,,,,,1,1990,37,1369,4
268030937,1964,1,1,5,4,3,1,29,2,D,127.0,338.0,465.0,27.311827956989248,0.0,12238.0,6578.0,1.0,1,1960,59,3481,4
268210801,1981,1,1,6,1,1,1,51,3,D,,,,,0.0,,,,1,1980,42,1764,4
268312013,1960,2,1,6,3,5,2,29,2,R,,,,,1.0,,,,1,1960,63,3969,4
268521457,1967,2,1,5,1,1,1,17,2,D,,,,,0.0,,,,1,1970,56,3136,4
268663541,1982,2,1,5,3,3,1,5,3,D,,,,,0.0,,,,1,1980,41,1681,4
268780045,1946,2,1,6,1,1,1,37,3,D,,,,,0.0,,,,1,1950,77,5929,4
268797125,1963,1,1,5,3,4,2,21,3,I,,,,,,,,,1,1960,60,3600,4
268931633,1980,1,1,3,3,5,2,51,3,R,,,,,1.0,,,,1,1980,43,1849,3
268980857,1951,2,1,6,1,2,1,12,3,D,,,,,0.0,,,,1,1950,72,5184,4
269346609,1969,1,2,3,4,4,6,13,3,I,,,,,,,,,2,1970,54,2916,3
269450529,1993,2,2,4,1,1,1,37,3,D,6.0,305.0,311.0,1.929260450160772,0.0,1044.0,15634.0,1.0,2,1990,30,900,4
269536013,2003,2,3,2,3,4,6,6,4,I,0.0,923.0,923.0,0.0,,0.0,27550.0,0.0,3,2000,20,400,2
269608349,1995,1,1,5,3,3,1,39,2,D,1492.0,8419.0,9911.0,15.053980425789526,0.0,35820.0,184002.0,1.0,1,2000,28,784,4
2696215,1953,2,1,3,2,7,2,4,4,R,0.0,188.0,188.0,0.0,1.0,0.0,4866.0,0.0,1,1950,70,4900,3
269637685,1973,2,3,3,1,2,1,6,4,D,,,,,0.0,,,,3,1970,50,2500,3
2696561,1952,1,1,5,1,2,1,4,4,D,0.0,4698.0,4698.0,0.0,0.0,0.0,300225.0,0.0,1,1950,71,5041,4
270198125,1974,2,4,5,3,3,1,41,4,D,,,,,0.0,,,,4,1970,49,2401,4
270231121,1951,2,1,2,3,4,2,6,4,I,0.0,1631.0,1631.0,0.0,,0.0,87835.0,0.0,1,1950,72,5184,2
270473381,1948,2,1,5,1,1,1,51,3,D,,,,,0.0,,,,1,1950,75,5625,4
270487473,2001,2,1,3,3,3,1,18,2,D,0.0,331.0,331.0,0.0,0.0,0.0,10469.0,0.0,1,2000,22,484,3
270671805,2000,1,1,2,3,3,1,49,4,D,,,,,0.0,,,,1,2000,23,529,2
270957477,1982,2,1,4,1,2,1,36,1,D,0.0,5434.0,5434.0,0.0,0.0,0.0,98765.0,0.0,1,1980,41,1681,4
271137845,2000,2,2,2,1,2,-1,17,2,D,,,,,0.0,,,,2,2000,23,529,2
2711471,1966,2,1,2,3,4,2,12,3,I,,,,,,,,,1,1970,57,3249,2
271193797,1971,1,1,6,3,3,1,53,4,D,,,,,0.0,,,,1,1970,52,2704,4
271231529,1995,1,1,3,3,5,2,45,3,R,61.0,4213.0,4274.0,1.4272344408048667,1.0,10948.0,163988.0,1.0,1,2000,28,784,3
271250729,1958,1,1,5,2,7,2,48,3,R,0.0,776.0,776.0,0.0,1.0,0.0,29029.0,0.0,1,1960,65,4225,4
272001989,1957,2,1,4,2,7,2,13,3,R,0.0,5493.0,5493.0,0.0,1.0,0.0,633576.0,0.0,1,1960,66,4356,4
272306709,1965,2,8,4,1,2,-1,6,4,D,,,,,0.0,,,,5,1960,58,3364,4
272410669,1991,2,7,3,1,2,1,6,4,D,,,,,0.0,,,,5,1990,32,1024,3
272863153,1989,2,2,6,3,4,1,37,3,I,0.0,131.0,131.0,0.0,,0.0,9446.0,0.0,2,1990,34,1156,4
273209849,2003,2,3,3,2,6,6,48,3,R,159.0,2069.0,2228.0,7.136445242369839,1.0,2778.0,75597.0,1.0,3,2000,20,400,3
273434417,1960,2,1,4,3,3,2,41,4,D,,,,,0.0,,,,1,1960,63,3969,4
273543945,1959,1,1,4,3,5,2,5,3,R,0.0,17889.0,17889.0,0.0,1.0,0.0,450036.0,0.0,1,1960,64,4096,4
273612405,1994,2,3,1,1,2,6,40,3,D,21.0,1533.0,1554.0,1.3513513513513513,0.0,2668.0,36034.0,1.0,3,1990,29,841,1
2738347,1978,1,1,6,4,4,6,8,4,I,244.0,17556.0,17800.0,1.3707865168539326,,2899.0,496186.0,1.0,1,1980,45,2025,4
274104153,1969,2,1,4,4,3,-1,6,4,D,,,,,0.0,,,,1,1970,54,2916,4
274127869,1979,1,1,6,1,1,1,17,2,D,,,,,0.0,,,,1,1980,44,1936,4
274201981,1966,1,1,3,3,5,2,34,1,R,28.0,8384.0,8412.0,0.33285782215882076,1.0,1854.0,132720.0,1.0,1,1970,57,3249,3
274281733,1989,2,6,6,1,1,-1,99,-1,D,,,,,0.0,,,,5,1990,34,1156,4
2744485,1957,2,1,5,2,7,2,26,2,R,0.0,39981.0,39981.0,0.0,1.0,0.0,489240.0,0.0,1,1960,66,4356,4
274516541,1986,1,3,2,1,1,1,42,1,D,2.0,2351.0,2353.0,0.08499787505312367,0.0,136.0,214028.0,1.0,3,1990,37,1369,2
274588325,1977,2,1,4,1,2,1,26,2,D,0.0,8786.0,8786.0,0.0,0.0,0.0,363876.0,0.0,1,1980,46,2116,4
274603965,1983,1,4,5,3,3,6,6,4,D,,,,,0.0,,,,4,1980,40,1600,4
274669289,1991,1,1,3,3,4,6,19,2,I,46.0,1204.0,1250.0,3.6799999999999997,,8918.0,57024.0,1.0,1,1990,32,1024,3
274837153,1996,1,4,5,2,6,6,34,1,R,,,,,1.0,,,,4,2000,27,729,4
274981321,1997,1,1,5,1,1,1,11,3,D,,,,,0.0,,,,1,2000,26,676,4
275102501,1960,1,3,3,3,4,2,26,2,I,,,,,,,,,3,1960,63,3969,3
275517217,1982,2,7,2,1,2,6,48,3,D,,,,,0.0,,,,5,1980,41,1681,2
275651753,1976,1,3,6,1,1,1,48,3,D,,,,,0.0,,,,3,1980,47,2209,4
275691029,1985,1,1,1,3,4,6,47,3,I,,,,,,,,,1,1980,38,1444,1
275958877,1945,2,2,2,1,1,1,48,3,D,0.0,3276.0,3276.0,0.0,0.0,0.0,154599.0,0.0,2,1940,78,6084,2
276036365,1962,2,1,4,1,2,1,8,4,D,,,,,0.0,,,,1,1960,61,3721,4
276122977,1996,2,3,5,1,1,1,12,3,D,,,,,0.0,,,,3,2000,27,729,4
276177417,1962,2,1,3,1,2,1,36,1,D,,,,,0.0,,,,1,1960,61,3721,3
276177637,1988,2,1,2,3,3,6,1,3,D,,,,,0.0,,,,1,1990,35,1225,2
2763809,1959,1,2,3,1,1,2,34,1,D,0.0,817.0,817.0,0.0,0.0,0.0,650153.0,0.0,2,1960,64,4096,3
276686141,1992,1,1,5,1,2,1,47,3,D,12.0,1077.0,1089.0,1.1019283746556474,0.0,650.0,57401.0,1.0,1,1990,31,961,4
276704117,1970,1,1,6,3,4,6,36,1,I,0.0,2375.0,2375.0,0.0,,0.0,32570.0,0.0,1,1970,53,2809,4
276849181,1955,1,3,6,3,8,1,51,3,,2.0,1659.0,1661.0,0.12040939193257075,,26.0,61053.0,1.0,3,1960,68,4624,4
277267437,1984,1,1,3,2,6,6,48,3,R,199.0,2129.0,2328.0,8.548109965635739,1.0,3267.0,51677.0,1.0,1,1980,39,1521,3
277352569,1975,1,1,6,3,3,1,36,1,D,,,,,0.0,,,,1,1980,48,2304,4
277713641,1979,2,3,2,1,2,6,8,4,D,0.0,223.0,223.0,0.0,0.0,0.0,11372.0,0.0,3,1980,44,1936,2
278036445,1986,2,1,3,1,2,1,39,2,D,0.0,9025.0,9025.0,0.0,0.0,0.0,464490.0,0.0,1,1990,37,1369,3
278079693,1980,1,7,4,3,4,6,12,3,I,0.0,1874.0,1874.0,0.0,,0.0,129598.0,0.0,5,1980,43,1849,4
278160253,1972,1,1,1,3,5,2,12,3,R,42.0,9978.0,10020.0,0.41916167664670656,1.0,1312.0,489535.0,1.0,1,1970,51,2601,1
278170389,1994,1,3,2,3,5,2,48,3,R,0.0,9.0,9.0,0.0,1.0,0.0,222.0,0.0,3,1990,29,841,2
278207925,1979,2,4,2,-1,-1,-1,2,4,,,,,,,,,,4,1980,44,1936,2
278330849,1956,2,1,2,1,1,1,41,4,D,,,,,0.0,,,,1,1960,67,4489,2
278477205,1992,1,7,1,3,8,6,12,3,,,,,,,,,,5,1990,31,961,1
278500493,1965,2,1,3,5,8,6,16,4,,,,,,,,,,1,1960,58,3364,3
278558941,1983,1,1,2,-1,-1,-1,28,3,,19.0,639.0,658.0,2.8875379939209727,,926.0,23407.0,1.0,1,1980,40,1600,2
278587449,1960,2,1,3,2,7,2,35,4,R,,,,,1.0,,,,1,1960,63,3969,3
2786281,1964,2,2,2,3,3,1,37,3,D,,,,,0.0,,,,2,1960,59,3481,2
278681617,1999,2,1,3,3,3,1,44,1,D,147.0,383.0,530.0,27.735849056603772,0.0,21154.0,49425.0,1.0,1,2000,24,576,3
278767453,1975,1,1,2,1,2,6,36,1,D,55.0,999.0,1054.0,5.218216318785579,0.0,182.0,21006.0,1.0,1,1980,48,2304,2
278817169,1972,1,1,5,1,1,1,6,4,D,,,,,0.0,,,,1,1970,51,2601,4
278820081,2003,1,4,1,5,3,-1,37,3,D,0.0,3034.0,3034.0,0.0,0.0,0.0,468374.0,0.0,4,2000,20,400,1
278937725,1982,1,1,2,2,7,2,49,4,R,,,,,1.0,,,,1,1980,41,1681,2
278981289,1991,2,1,2,1,1,1,40,3,D,,,,,0.0,,,,1,1990,32,1024,2
279024221,1950,1,2,3,5,4,6,13,3,I,,,,,,,,,2,1950,73,5329,3
279035065,1985,1,1,2,4,4,6,36,1,I,,,,,,,,,1,1980,38,1444,2
279035465,1990,1,1,5,2,7,2,42,1,R,4.0,12158.0,12162.0,0.0328893274132544,1.0,4.0,510244.0,1.0,1,1990,33,1089,4
279040893,1978,2,7,5,1,2,1,1,3,D,,,,,0.0,,,,5,1980,45,2025,4
279325689,1997,2,4,3,3,3,1,6,4,D,,,,,0.0,,,,4,2000,26,676,3
279381233,2003,2,1,1,3,3,-1,1,3,D,0.0,322.0,322.0,0.0,0.0,0.0,14504.0,0.0,1,2000,20,400,1
279716617,1963,1,6,3,2,7,2,40,3,R,,,,,1.0,,,,5,1960,60,3600,3
279868049,1988,2,1,5,3,3,6,34,1,D,,,,,0.0,,,,1,1990,35,1225,4
280121033,1962,2,1,3,3,5,2,17,2,R,0.0,553.0,553.0,0.0,1.0,0.0,29988.0,0.0,1,1960,61,3721,3
280243629,2000,1,3,2,3,3,1,48,3,D,5.0,342.0,347.0,1.440922190201729,0.0,54.0,17640.0,1.0,3,2000,23,529,2
280288625,1981,1,1,3,3,4,1,53,4,I,,,,,,,,,1,1980,42,1764,3
280307769,1991,2,3,6,2,6,2,34,1,R,,,,,1.0,,,,3,1990,32,1024,4
280496045,1994,2,1,6,1,1,1,55,2,D,,,,,0.0,,,,1,1990,29,841,4
280526813,1973,2,5,5,3,4,-1,47,3,I,64.0,77.0,141.0,45.39007092198582,,7518.0,2714.0,1.0,5,1970,50,2500,4
280588877,2002,1,1,3,4,3,1,13,3,D,0.0,385.0,385.0,0.0,0.0,0.0,6833.0,0.0,1,2000,21,441,3
280608941,1971,2,3,4,3,5,6,35,4,R,12.0,1419.0,1431.0,0.8385744234800839,1.0,1024.0,113873.0,1.0,3,1970,52,2704,4
280701001,1974,1,2,2,3,8,6,36,1,,46.0,455.0,501.0,9.181636726546905,,5953.0,51682.0,1.0,2,1970,49,2401,2
281086073,1996,2,1,1,5,4,6,37,3,I,,,,,,,,,1,2000,27,729,1
281147237,1995,2,1,2,3,3,2,47,3,D,27.0,4259.0,4286.0,0.6299580027998133,0.0,850.0,172149.0,1.0,1,2000,28,784,2
281397553,2000,1,3,1,3,4,6,48,3,I,0.0,2408.0,2408.0,0.0,,0.0,180469.0,0.0,3,2000,23,529,1
281470521,1994,2,1,3,3,3,1,4,4,D,0.0,381.0,381.0,0.0,0.0,0.0,41281.0,0.0,1,1990,29,841,3
281477021,1991,1,3,5,-1,-1,-1,9,1,,0.0,86804.0,86804.0,0.0,,0.0,941756.0,0.0,3,1990,32,1024,4
281487169,1991,2,1,3,5,8,6,49,4,,,,,,,,,,1,1990,32,1024,3
281550521,1993,2,1,1,1,2,6,1,3,D,,,,,0.0,,,,1,1990,30,900,1
281775669,1980,1,8,5,1,1,1,29,2,D,,,,,0.0,,,,5,1980,43,1849,4
281889137,1960,2,2,6,1,1,1,48,3,D,,,,,0.0,,,,2,1960,63,3969,4
281933793,1990,2,1,2,3,4,6,22,3,I,,,,,,,,,1,1990,33,1089,2
282040489,2000,1,2,2,3,8,1,34,1,,,,,,,,,,2,2000,23,529,2
282337233,1955,2,1,2,1,1,1,36,1,D,,,,,0.0,,,,1,1960,68,4624,2
282465705,1976,2,1,6,1,1,1,51,3,D,0.0,1623.0,1623.0,0.0,0.0,0.0,131680.0,0.0,1,1980,47,2209,4
282523825,1982,1,1,2,3,4,1,45,3,I,,,,,,,,,1,1980,41,1681,2
282642433,1959,2,1,4,1,1,1,37,3,D,0.0,70.0,70.0,0.0,0.0,0.0,1694.0,0.0,1,1960,64,4096,4
283239057,1988,2,2,2,3,4,6,8,4,I,1.0,995.0,996.0,0.1004016064257028,,0.0,32571.0,1.0,2,1990,35,1225,2
283328041,1998,2,3,5,1,2,1,12,3,D,,,,,0.0,,,,3,2000,25,625,4
283432969,1991,2,1,5,1,1,1,25,1,D,0.0,620.0,620.0,0.0,0.0,0.0,30586.0,0.0,1,1990,32,1024,4
283523233,1973,1,1,5,4,3,6,17,2,D,12.0,11668.0,11680.0,0.10273972602739725,0.0,294.0,800597.0,1.0,1,1970,50,2500,4
283807589,1970,2,1,4,1,2,1,4,4,D,,,,,0.0,,,,1,1970,53,2809,4
283951,1959,2,2,5,4,4,1,48,3,I,0.0,808.0,808.0,0.0,,0.0,15181.0,0.0,2,1960,64,4096,4
284208225,1968,2,2,6,1,2,1,13,3,D,,,,,0.0,,,,2,1970,55,3025,4
284215401,1997,1,1,3,3,3,2,26,2,D,5.0,844.0,849.0,0.5889281507656066,0.0,1006.0,27209.0,1.0,1,2000,26,676,3
2843303,1958,1,4,6,5,3,-1,49,4,D,0.0,4849.0,4849.0,0.0,0.0,0.0,103626.0,0.0,4,1960,65,4225,4
284508609,1983,1,3,5,3,4,6,6,4,I,0.0,3617.0,3617.0,0.0,,0.0,184616.0,0.0,3,1980,40,1600,4
284670385,2002,1,4,2,1,1,6,26,2,D,,,,,0.0,,,,4,2000,21,441,2
284804833,1993,2,1,5,1,2,1,33,1,D,,,,,0.0,,,,1,1990,30,900,4
285625365,1996,2,1,5,2,7,2,48,3,R,0.0,1081.0,1081.0,0.0,1.0,0.0,355678.0,0.0,1,2000,27,729,4
286102281,2000,2,1,3,3,3,1,45,3,D,2.0,19126.0,19128.0,0.010455876202425763,0.0,950.0,470005.0,1.0,1,2000,23,529,3
286227241,1982,1,1,1,5,4,6,4,4,I,274.0,491.0,765.0,35.81699346405229,,20100.0,35017.0,1.0,1,1980,41,1681,1
286244473,1982,2,1,6,1,1,1,13,3,D,,,,,0.0,,,,1,1980,41,1681,4
286490833,2002,2,1,3,-1,-1,-1,6,4,,,,,,,,,,1,2000,21,441,3
286580901,1970,2,2,6,1,1,1,26,2,D,,,,,0.0,,,,2,1970,53,2809,4
286591993,1977,1,4,1,3,3,6,4,4,D,0.0,6.0,6.0,0.0,0.0,0.0,36.0,0.0,4,1980,46,2116,1
286877073,1963,1,1,2,2,7,2,24,3,R,38.0,2243.0,2281.0,1.6659359929855326,1.0,286.0,168843.0,1.0,1,1960,60,3600,2
287108597,1982,1,3,2,1,1,1,6,4,D,31.0,494.0,525.0,5.904761904761905,0.0,1228.0,131637.0,1.0,3,1980,41,1681,2
287217329,1978,2,4,5,5,8,6,6,4,,,,,,,,,,4,1980,45,2025,4
287285341,1977,1,1,5,1,1,1,12,3,D,0.0,19901.0,19901.0,0.0,0.0,0.0,1619328.0,0.0,1,1980,46,2116,4
2873277,1967,2,1,2,1,1,6,6,4,D,,,,,0.0,,,,1,1970,56,3136,2
287473937,1977,2,1,3,3,5,2,25,1,R,,,,,1.0,,,,1,1980,46,2116,3
2876033,1958,2,1,5,2,6,2,27,2,R,,,,,1.0,,,,1,1960,65,4225,4
287776541,1974,1,1,3,4,3,1,48,3,D,6.0,2594.0,2600.0,0.23076923076923078,0.0,560.0,58391.0,1.0,1,1970,49,2401,3
287888969,1960,1,1,5,4,5,2,39,2,R,,,,,1.0,,,,1,1960,63,3969,4
287963033,1958,2,1,5,1,1,1,12,3,D,,,,,0.0,,,,1,1960,65,4225,4
288292769,1986,2,1,3,1,1,1,24,3,D,,,,,0.0,,,,1,1990,37,1369,3
288293957,1967,1,4,6,1,2,1,53,4,D,84.0,8102.0,8186.0,1.0261421939897386,0.0,3430.0,341627.0,1.0,4,1970,56,3136,4
288319953,2000,2,6,3,3,3,1,51,3,D,,,,,0.0,,,,5,2000,23,529,3
288351365,1999,2,1,5,1,2,6,18,2,D,,,,,0.0,,,,1,2000,24,576,4
288954341,1980,2,1,6,3,5,2,6,4,R,0.0,7499.0,7499.0,0.0,1.0,0.0,404001.0,0.0,1,1980,43,1849,4
288958305,2002,1,3,3,1,1,6,48,3,D,0.0,291.0,291.0,0.0,0.0,0.0,5832.0,0.0,3,2000,21,441,3
288967217,1982,2,3,3,1,1,6,22,3,D,9.0,130.0,139.0,6.474820143884892,0.0,916.0,3558.0,1.0,3,1980,41,1681,3
289059885,1982,1,1,3,-1,-1,-1,40,3,,,,,,,,,,1,1980,41,1681,3
289143385,2001,1,3,2,3,4,1,34,1,I,0.0,267.0,267.0,0.0,,0.0,10375.0,0.0,3,2000,22,484,2
289245653,1983,1,1,5,-1,-1,-1,39,2,,771.0,25146.0,25917.0,2.9748813520083344,,8637.0,410560.0,1.0,1,1980,40,1600,4
289407473,1977,1,1,6,1,1,1,17,2,D,,,,,0.0,,,,1,1980,46,2116,4
289453645,1998,1,1,3,2,7,6,8,4,R,455.0,4433.0,4888.0,9.308510638297872,1.0,34700.0,137442.0,1.0,1,2000,25,625,3
289456517,1995,1,3,5,1,2,1,6,4,D,,,,,0.0,,,,3,2000,28,784,4
289474569,1996,1,3,3,1,2,6,12,3,D,0.0,1099.0,1099.0,0.0,0.0,0.0,128495.0,0.0,3,2000,27,729,3
289575093,1985,1,1,6,1,1,1,39,2,D,,,,,0.0,,,,1,1980,38,1444,4
2895795,1972,2,1,3,3,3,1,39,2,D,,,,,0.0,,,,1,1970,51,2601,3
289592077,1961,1,1,5,2,6,2,29,2,R,243.0,5532.0,5775.0,4.207792207792208,1.0,69163.0,292684.0,1.0,1,1960,62,3844,4
290100081,2003,2,1,1,3,3,-1,27,2,D,0.0,2424.0,2424.0,0.0,0.0,0.0,88366.0,0.0,1,2000,20,400,1
290267513,1971,1,1,6,2,7,2,27,2,R,0.0,12210.0,12210.0,0.0,1.0,0.0,445955.0,0.0,1,1970,52,2704,4
290371629,1997,2,7,5,3,3,1,13,3,D,,,,,0.0,,,,5,2000,26,676,4
290400241,1983,2,4,6,1,1,1,41,4,D,,,,,0.0,,,,4,1980,40,1600,4
290773741,1999,2,1,2,3,3,3,49,4,D,,,,,0.0,,,,1,2000,24,576,2
290858729,1974,2,1,5,1,1,1,27,2,D,,,,,0.0,,,,1,1970,49,2401,4
2909235,1950,2,1,2,1,2,6,17,2,D,0.0,5472.0,5472.0,0.0,0.0,0.0,204667.0,0.0,1,1950,73,5329,2
290990621,1988,1,1,3,3,3,1,13,3,D,0.0,277.0,277.0,0.0,0.0,0.0,16679.0,0.0,1,1990,35,1225,3
2912283,1961,2,1,4,3,5,6,46,2,R,,,,,1.0,,,,1,1960,62,3844,4
291606053,1993,1,3,3,5,4,6,55,2,I,355.0,381.0,736.0,48.233695652173914,,45913.0,7139.0,1.0,3,1990,30,900,3
291624553,1979,1,1,6,3,4,1,42,1,I,,,,,,,,,1,1980,44,1936,4
291634193,1992,2,2,4,3,4,1,22,3,I,,,,,,,,,2,1990,31,961,4
292051745,2000,2,6,1,-1,-1,-1,41,4,,,,,,,,,,5,2000,23,529,1
292069629,1975,2,1,2,1,2,6,42,1,D,0.0,83.0,83.0,0.0,0.0,0.0,11663.0,0.0,1,1980,48,2304,2
292187605,1979,1,2,1,5,8,6,37,3,,65.0,852.0,917.0,7.088331515812432,,7222.0,30177.0,1.0,2,1980,44,1936,1
292286781,1990,1,4,1,5,3,-1,36,1,D,,,,,0.0,,,,4,1990,33,1089,1
292539833,1986,1,1,3,2,6,6,37,3,R,,,,,1.0,,,,1,1990,37,1369,3
292750001,2002,1,1,2,3,4,6,47,3,I,0.0,3630.0,3630.0,0.0,,0.0,213673.0,0.0,1,2000,21,441,2
2928249,1950,2,1,2,2,7,2,48,3,R,,,,,1.0,,,,1,1950,73,5329,2
293084321,1985,1,1,5,3,5,2,17,2,R,0.0,844.0,844.0,0.0,1.0,0.0,54301.0,0.0,1,1980,38,1444,4
294487,1947,2,1,5,1,1,1,37,3,D,,,,,0.0,,,,1,1950,76,5776,4
294765837,1992,2,3,2,3,4,6,9,1,I,0.0,474.0,474.0,0.0,,0.0,13579.0,0.0,3,1990,31,961,2
295189309,1982,1,7,2,2,7,6,36,1,R,0.0,145.0,145.0,0.0,1.0,0.0,1948.0,0.0,5,1980,41,1681,2
295670949,1963,1,1,2,1,1,1,29,2,D,,,,,0.0,,,,1,1960,60,3600,2
2956723,1939,2,1,2,1,1,1,48,3,D,0.0,8736.0,8736.0,0.0,0.0,0.0,134163.0,0.0,1,1940,84,7056,2
295867337,2001,2,3,3,2,6,6,56,4,R,0.0,1355.0,1355.0,0.0,1.0,0.0,207738.0,0.0,3,2000,22,484,3
296069,1951,1,1,2,2,6,2,39,2,R,1284.0,5623.0,6907.0,18.589836397857244,1.0,36431.0,186724.0,1.0,1,1950,72,5184,2
296066285,1982,2,1,4,5,5,6,32,4,R,,,,,1.0,,,,1,1980,41,1681,4
296125949,1949,1,1,4,2,6,2,36,1,R,0.0,8405.0,8405.0,0.0,1.0,0.0,247274.0,0.0,1,1950,74,5476,4
296344249,2000,1,2,3,3,4,1,25,1,I,19.0,8821.0,8840.0,0.2149321266968326,,57.0,160281.0,1.0,2,2000,23,529,3
296716165,1941,2,1,2,-1,-1,-1,17,2,,0.0,2777.0,2777.0,0.0,,0.0,88195.0,0.0,1,1940,82,6724,2
296769933,2000,1,2,2,2,6,6,10,3,R,76.0,682.0,758.0,10.026385224274406,1.0,8938.0,11464.0,1.0,2,2000,23,529,2
297230125,1997,1,1,2,3,4,2,12,3,I,,,,,,,,,1,2000,26,676,2
297934681,1982,2,4,6,2,7,-1,17,2,R,,,,,1.0,,,,4,1980,41,1681,4
2984703,1985,2,1,4,1,1,1,29,2,D,,,,,0.0,,,,1,1980,38,1444,4
299166821,1945,2,1,6,1,1,1,12,3,D,0.0,10334.0,10334.0,0.0,0.0,0.0,129610.0,0.0,1,1940,78,6084,4
300112505,1989,2,1,3,2,6,2,12,3,R,,,,,1.0,,,,1,1990,34,1156,3
300768845,1971,1,3,3,2,6,2,20,2,R,12.0,4045.0,4057.0,0.2957850628543258,1.0,202.0,354980.0,1.0,3,1970,52,2704,3
300780241,1969,1,1,3,-1,-1,-1,42,1,,,,,,,,,,1,1970,54,2916,3
301012253,1984,2,1,2,2,7,2,49,4,R,,,,,1.0,,,,1,1980,39,1521,2
301021117,1998,2,1,1,5,8,6,42,1,,89.0,716.0,805.0,11.055900621118013,,1016.0,15592.0,1.0,1,2000,25,625,1
301066041,1970,2,1,6,1,1,1,17,2,D,,,,,0.0,,,,1,1970,53,2809,4
301913121,1993,2,1,4,-1,-1,-1,5,3,,0.0,2.0,2.0,0.0,,0.0,6.0,0.0,1,1990,30,900,4
302119225,1950,1,1,3,3,5,2,53,4,R,,,,,1.0,,,,1,1950,73,5329,3
302182753,1980,1,1,3,2,7,2,35,4,R,,,,,1.0,,,,1,1980,43,1849,3
302908329,1957,1,1,2,-1,-1,-1,42,1,,,,,,,,,,1,1960,66,4356,2
303061793,1959,1,1,5,3,5,2,26,2,R,,,,,1.0,,,,1,1960,64,4096,4
303959745,1969,1,2,2,3,4,6,26,2,I,30.0,88.0,118.0,25.423728813559322,,2416.0,21923.0,1.0,2,1970,54,2916,2
304134193,1969,2,2,6,1,1,-1,12,3,D,0.0,3788.0,3788.0,0.0,0.0,0.0,198122.0,0.0,2,1970,54,2916,4
304207261,1955,2,3,4,1,1,1,48,3,D,,,,,0.0,,,,3,1960,68,4624,4
304263645,1979,2,3,2,1,1,1,25,1,D,0.0,1961.0,1961.0,0.0,0.0,0.0,147458.0,0.0,3,1980,44,1936,2
3043245,1955,1,1,2,2,7,2,42,1,R,0.0,57.0,57.0,0.0,1.0,0.0,7764.0,0.0,1,1960,68,4624,2
304578821,1989,1,3,5,-1,-1,-1,37,3,,,,,,,,,,3,1990,34,1156,4
305111797,1988,1,1,4,-1,-1,-1,36,1,,0.0,6220.0,6220.0,0.0,,0.0,112439.0,0.0,1,1990,35,1225,4
3052135,1967,2,2,2,1,2,6,13,3,D,,,,,0.0,,,,2,1970,56,3136,2
3054289,1963,2,1,3,3,4,2,12,3,I,0.0,5602.0,5602.0,0.0,,0.0,248512.0,0.0,1,1960,60,3600,3
305647821,1964,2,1,5,2,7,2,12,3,R,,,,,1.0,,,,1,1960,59,3481,4
3057207,1964,2,1,2,3,4,6,54,3,I,0.0,4752.0,4752.0,0.0,,0.0,223513.0,0.0,1,1960,59,3481,2
305749445,1990,1,1,2,4,3,6,12,3,D,222.0,385.0,607.0,36.57331136738056,0.0,31394.0,17259.0,1.0,1,1990,33,1089,2
306199513,1962,2,1,2,3,5,2,18,2,R,0.0,399.0,399.0,0.0,1.0,0.0,16892.0,0.0,1,1960,61,3721,2
306495561,1997,1,1,4,-1,-1,-1,12,3,,0.0,1139.0,1139.0,0.0,,0.0,26156.0,0.0,1,2000,26,676,4
3071093,1955,2,1,5,2,7,2,21,3,R,0.0,3263.0,3263.0,0.0,1.0,0.0,385242.0,0.0,1,1960,68,4624,4
3072123,1940,2,1,3,2,6,2,36,1,R,0.0,374.0,374.0,0.0,1.0,0.0,6401.0,0.0,1,1940,83,6889,3
307475033,2000,1,1,2,5,4,6,36,1,I,32.0,2347.0,2379.0,1.3451029844472466,,1739.0,50798.0,1.0,1,2000,23,529,2
307540609,1970,2,1,4,-1,-1,-1,30,4,,,,,,,,,,1,1970,53,2809,4
307726705,1974,2,5,6,1,1,2,36,1,D,,,,,0.0,,,,5,1970,49,2401,4
307752329,1977,2,1,3,1,2,2,12,3,D,,,,,0.0,,,,1,1980,46,2116,3
307997169,2001,1,3,2,3,3,1,36,1,D,0.0,21.0,21.0,0.0,0.0,0.0,38.0,0.0,3,2000,22,484,2
308850965,1991,1,7,3,1,1,6,47,3,D,,,,,0.0,,,,5,1990,32,1024,3
3091327,1969,1,1,5,3,3,1,41,4,D,0.0,2022.0,2022.0,0.0,0.0,0.0,49121.0,0.0,1,1970,54,2916,4
309311781,1996,1,1,3,3,3,1,49,4,D,,,,,0.0,,,,1,2000,27,729,3
3093309,1953,1,1,5,3,3,1,42,1,D,,,,,0.0,,,,1,1950,70,4900,4
309331913,1966,1,1,3,1,1,1,54,3,D,,,,,0.0,,,,1,1970,57,3249,3
3093519,1951,1,1,2,1,1,-1,36,1,D,90.0,14937.0,15027.0,0.5989219405070872,0.0,3336.0,350964.0,1.0,1,1950,72,5184,2
309550217,1962,2,1,2,1,1,6,29,2,D,,,,,0.0,,,,1,1960,61,3721,2
309640825,1991,1,3,3,4,4,6,6,4,I,,,,,,,,,3,1990,32,1024,3
310205717,1950,2,1,2,2,7,2,28,3,R,0.0,2743.0,2743.0,0.0,1.0,0.0,54377.0,0.0,1,1950,73,5329,2
310226701,1953,2,1,2,2,6,2,1,3,R,0.0,5036.0,5036.0,0.0,1.0,0.0,72642.0,0.0,1,1950,70,4900,2
310476525,1989,1,3,2,1,2,1,4,4,D,2399.0,7778.0,10177.0,23.572762110641644,0.0,69460.0,668000.0,1.0,3,1990,34,1156,2
311260905,1963,2,1,4,2,7,2,5,3,R,,,,,1.0,,,,1,1960,60,3600,4
311268785,1962,1,1,5,1,1,1,27,2,D,,,,,0.0,,,,1,1960,61,3721,4
311541945,1966,2,1,5,2,6,2,48,3,R,0.0,8109.0,8109.0,0.0,1.0,0.0,349364.0,0.0,1,1970,57,3249,4
311555489,1997,2,6,2,4,4,6,42,1,I,,,,,,,,,5,2000,26,676,2
311613121,1967,2,1,6,4,3,1,21,3,D,,,,,0.0,,,,1,1970,56,3136,4
311667509,1950,1,1,5,2,7,2,8,4,R,,,,,1.0,,,,1,1950,73,5329,4
311790677,1993,2,1,6,1,1,1,9,1,D,0.0,5342.0,5342.0,0.0,0.0,0.0,181229.0,0.0,1,1990,30,900,4
311898809,1969,1,1,4,5,5,6,23,1,R,,,,,1.0,,,,1,1970,54,2916,4
311903745,1994,2,1,5,1,1,6,17,2,D,0.0,15135.0,15135.0,0.0,0.0,0.0,355972.0,0.0,1,1990,29,841,4
312075393,1993,1,5,2,1,7,6,1,3,R,748.0,2773.0,3521.0,21.243964782732178,1.0,28916.0,250325.0,1.0,5,1990,30,900,2
312079365,1944,1,1,3,2,7,2,8,4,R,,,,,1.0,,,,1,1940,79,6241,3
312390969,1990,2,3,2,3,4,1,36,1,I,0.0,497.0,497.0,0.0,,0.0,46183.0,0.0,3,1990,33,1089,2
312518893,1987,1,1,4,1,1,1,36,1,D,15.0,3761.0,3776.0,0.3972457627118644,0.0,318.0,267563.0,1.0,1,1990,36,1296,4
312606261,1961,2,1,1,3,4,6,22,3,I,,,,,,,,,1,1960,62,3844,1
312834641,1978,2,3,2,2,6,2,48,3,R,0.0,1494.0,1494.0,0.0,1.0,0.0,37589.0,0.0,3,1980,45,2025,2
312908401,1946,1,1,5,4,4,-1,39,2,I,,,,,,,,,1,1950,77,5929,4
313052497,1938,2,1,6,1,2,1,33,1,D,,,,,0.0,,,,1,1940,85,7225,4
313090429,1982,2,3,2,1,2,1,6,4,D,13.0,487.0,500.0,2.6,0.0,646.0,63858.0,1.0,3,1980,41,1681,2
313202977,1969,1,1,4,-1,-1,-1,4,4,,,,,,,,,,1,1970,54,2916,4
313501701,1962,2,3,3,1,2,1,39,2,D,,,,,0.0,,,,3,1960,61,3721,3
314089105,1987,2,6,3,4,4,6,51,3,I,,,,,,,,,5,1990,36,1296,3
314344973,1980,2,1,2,1,2,1,39,2,D,,,,,0.0,,,,1,1980,43,1849,2
314349969,1982,2,3,2,1,1,1,25,1,D,234.0,1669.0,1903.0,12.296374146085128,0.0,25229.0,43985.0,1.0,3,1980,41,1681,2
314420445,1975,1,1,2,1,2,1,26,2,D,,,,,0.0,,,,1,1980,48,2304,2
314448205,1991,1,1,4,2,7,6,18,2,R,64.0,1871.0,1935.0,3.3074935400516794,1.0,9104.0,77376.0,1.0,1,1990,32,1024,4
314499593,1985,1,1,2,2,6,2,40,3,R,,,,,1.0,,,,1,1980,38,1444,2
314789625,1978,2,2,4,-1,-1,-1,48,3,,,,,,,,,,2,1980,45,2025,4
314851041,1948,1,2,5,1,2,1,34,1,D,,,,,0.0,,,,2,1950,75,5625,4
314887113,1977,2,1,3,2,6,2,22,3,R,,,,,1.0,,,,1,1980,46,2116,3
315737965,1974,2,1,5,3,8,6,5,3,,,,,,,,,,1,1970,49,2401,4
3160023,1947,2,4,2,1,1,1,42,1,D,0.0,9969.0,9969.0,0.0,0.0,0.0,227255.0,0.0,4,1950,76,5776,2
316131717,1976,1,1,2,2,7,2,18,2,R,0.0,141.0,141.0,0.0,1.0,0.0,8373.0,0.0,1,1980,47,2209,2
316192257,1985,2,6,5,1,1,6,40,3,D,4.0,1598.0,1602.0,0.24968789013732834,0.0,110.0,132995.0,1.0,5,1980,38,1444,4
316463249,1972,1,1,2,2,6,6,39,2,R,0.0,2622.0,2622.0,0.0,1.0,0.0,714424.0,0.0,1,1970,51,2601,2
316695333,1972,2,1,6,2,7,2,32,4,R,0.0,2592.0,2592.0,0.0,1.0,0.0,143160.0,0.0,1,1970,51,2601,4
316770149,1993,2,1,6,1,2,6,45,3,D,,,,,0.0,,,,1,1990,30,900,4
316883917,1966,2,1,2,1,1,6,33,1,D,0.0,353.0,353.0,0.0,0.0,0.0,15158.0,0.0,1,1970,57,3249,2
317046141,1987,2,1,5,2,6,2,40,3,R,,,,,1.0,,,,1,1990,36,1296,4
317057633,1968,2,2,4,1,1,1,12,3,D,0.0,1521.0,1521.0,0.0,0.0,0.0,67322.0,0.0,2,1970,55,3025,4
317058429,1982,1,2,5,3,4,2,45,3,I,,,,,,,,,2,1980,41,1681,4
317084313,1974,2,3,2,1,1,1,36,1,D,0.0,12305.0,12305.0,0.0,0.0,0.0,479728.0,0.0,3,1970,49,2401,2
317095973,1984,2,1,2,3,8,1,9,1,,,,,,,,,,1,1980,39,1521,2
317112137,2002,2,3,2,-1,-1,-1,17,2,,0.0,666.0,666.0,0.0,,0.0,137851.0,0.0,3,2000,21,441,2
317165557,1976,2,3,2,1,2,1,41,4,D,0.0,10483.0,10483.0,0.0,0.0,0.0,178021.0,0.0,3,1980,47,2209,2
317420377,1996,2,2,2,3,4,6,36,1,I,0.0,14.0,14.0,0.0,,0.0,92.0,0.0,2,2000,27,729,2
317693153,1999,1,2,3,4,8,6,12,3,,,,,,,,,,2,2000,24,576,3
317841893,1987,1,1,4,2,6,6,36,1,R,,,,,1.0,,,,1,1990,36,1296,4
317870681,1997,2,3,5,2,7,2,48,3,R,,,,,1.0,,,,3,2000,26,676,4
318061589,1968,1,1,2,5,4,6,53,4,I,0.0,5447.0,5447.0,0.0,,0.0,164056.0,0.0,1,1970,55,3025,2
318153393,1982,2,1,6,2,6,2,51,3,R,,,,,1.0,,,,1,1980,41,1681,4
318173861,1993,2,1,3,-1,-1,-1,55,2,,,,,,,,,,1,1990,30,900,3
318499869,1985,2,1,5,3,4,1,48,3,I,,,,,,,,,1,1980,38,1444,4
318701713,1985,2,1,5,-1,-1,-1,-1,-1,,,,,,,,,,1,1980,38,1444,4
318913461,1995,1,1,6,1,1,1,6,4,D,,,,,0.0,,,,1,2000,28,784,4
319065769,1980,2,1,6,1,1,1,42,1,D,6.0,4152.0,4158.0,0.1443001443001443,0.0,296.0,144719.0,1.0,1,1980,43,1849,4
319252869,2001,2,1,2,1,1,6,51,3,D,5.0,8577.0,8582.0,0.058261477511069686,0.0,37.0,401822.0,1.0,1,2000,22,484,2
319335157,1955,2,6,3,3,4,6,39,2,I,0.0,23.0,23.0,0.0,,0.0,1798.0,0.0,5,1960,68,4624,3
319498785,1996,1,1,1,3,4,6,25,1,I,,,,,,,,,1,2000,27,729,1
319892685,1997,2,3,3,3,4,6,53,4,I,25.0,3654.0,3679.0,0.6795324816526229,,16438.0,197331.0,1.0,3,2000,26,676,3
319967313,1992,1,4,3,5,3,6,48,3,D,1001.0,2746.0,3747.0,26.71470509741126,0.0,50662.0,175885.0,1.0,4,1990,31,961,3
320316041,2000,2,3,3,5,4,6,36,1,I,0.0,12.0,12.0,0.0,,0.0,62.0,0.0,3,2000,23,529,3
320340321,1988,1,1,5,1,1,1,11,3,D,35.0,9549.0,9584.0,0.3651919866444074,0.0,1507.0,370068.0,1.0,1,1990,35,1225,4
320367213,1973,2,7,3,1,1,1,37,3,D,,,,,0.0,,,,5,1970,50,2500,3
320827593,1982,1,1,2,2,7,6,51,3,R,,,,,1.0,,,,1,1980,41,1681,2
321203161,1965,2,4,5,1,2,6,36,1,D,0.0,467.0,467.0,0.0,0.0,0.0,17571.0,0.0,4,1960,58,3364,4
321357953,1996,1,1,3,1,2,6,17,2,D,,,,,0.0,,,,1,2000,27,729,3
3215061,1958,2,3,6,1,1,1,34,1,D,,,,,0.0,,,,3,1960,65,4225,4
321972317,2002,1,3,2,-1,-1,-1,36,1,,0.0,1297.0,1297.0,0.0,,0.0,222013.0,0.0,3,2000,21,441,2
3222795,1948,2,1,3,3,4,2,40,3,I,,,,,,,,,1,1950,75,5625,3
322420173,1980,2,4,6,3,4,6,15,4,I,,,,,,,,,4,1980,43,1849,4
322868633,1978,1,1,2,3,4,6,25,1,I,0.0,176.0,176.0,0.0,,0.0,21317.0,0.0,1,1980,45,2025,2
322938441,1959,1,1,5,2,6,2,17,2,R,,,,,1.0,,,,1,1960,64,4096,4
323181233,1981,2,2,3,1,8,6,6,4,,,,,,,,,,2,1980,42,1764,3
323195401,1978,2,3,2,2,6,2,6,4,R,0.0,367.0,367.0,0.0,1.0,0.0,8594.0,0.0,3,1980,45,2025,2
323802833,1956,2,1,3,1,2,6,39,2,D,,,,,0.0,,,,1,1960,67,4489,3
323962141,1961,1,1,6,3,3,-1,9,1,D,,,,,0.0,,,,1,1960,62,3844,4
324765925,1995,1,2,3,4,4,6,28,3,I,,,,,,,,,2,2000,28,784,3
324814917,1982,1,2,2,3,3,6,28,3,D,10.0,2665.0,2675.0,0.3738317757009346,0.0,234.0,135463.0,1.0,2,1980,41,1681,2
325268865,1996,2,1,3,2,7,1,48,3,R,,,,,1.0,,,,1,2000,27,729,3
325286825,2002,1,1,2,3,4,6,19,2,I,76.0,857.0,933.0,8.145766345123258,,4681.0,53622.0,1.0,1,2000,21,441,2
325364041,1973,1,7,6,1,2,6,42,1,D,0.0,1694.0,1694.0,0.0,0.0,0.0,38520.0,0.0,5,1970,50,2500,4
325455117,2000,2,1,3,1,1,1,1,3,D,,,,,0.0,,,,1,2000,23,529,3
325496493,1947,1,1,5,2,7,2,40,3,R,,,,,1.0,,,,1,1950,76,5776,4
325539393,1960,1,1,2,2,6,-1,48,3,R,295.0,645.0,940.0,31.382978723404253,1.0,135144.0,55582.0,1.0,1,1960,63,3969,2
325875105,1959,1,4,5,3,3,1,6,4,D,,,,,0.0,,,,4,1960,64,4096,4
325876133,1961,2,1,2,2,6,2,42,1,R,,,,,1.0,,,,1,1960,62,3844,2
326086013,1999,2,1,4,2,7,2,27,2,R,0.0,512.0,512.0,0.0,1.0,0.0,137776.0,0.0,1,2000,24,576,4
326122769,1970,1,1,6,2,6,2,29,2,R,,,,,1.0,,,,1,1970,53,2809,4
326187009,1971,1,1,5,1,1,1,37,3,D,,,,,0.0,,,,1,1970,52,2704,4
326335877,1977,1,1,2,3,3,3,6,4,D,,,,,0.0,,,,1,1980,46,2116,2
326541933,1978,2,1,1,1,2,1,4,4,D,,,,,0.0,,,,1,1980,45,2025,1
326643189,1974,1,1,4,2,6,2,51,3,R,0.0,2980.0,2980.0,0.0,1.0,0.0,29853.0,0.0,1,1970,49,2401,4
326662469,1996,1,1,4,3,5,2,21,3,R,0.0,727.0,727.0,0.0,1.0,0.0,12477.0,0.0,1,2000,27,729,4
326826061,1979,2,3,2,3,4,6,32,4,I,145.0,4465.0,4610.0,3.14533622559653,,14549.0,213939.0,1.0,3,1980,44,1936,2
3269987,1964,1,1,5,2,7,2,4,4,R,0.0,6939.0,6939.0,0.0,1.0,0.0,440006.0,0.0,1,1960,59,3481,4
327189597,2000,2,3,2,5,8,6,37,3,,0.0,221.0,221.0,0.0,,0.0,6461.0,0.0,3,2000,23,529,2
327206537,1993,2,1,5,1,2,1,26,2,D,,,,,0.0,,,,1,1990,30,900,4
327283333,1993,1,1,3,1,1,1,48,3,D,,,,,0.0,,,,1,1990,30,900,3
327468241,1967,1,1,2,1,1,-1,26,2,D,406.0,33053.0,33459.0,1.2134253862936728,0.0,2856.0,273792.0,1.0,1,1970,56,3136,2
327495257,1995,2,1,5,4,3,1,39,2,D,,,,,0.0,,,,1,2000,28,784,4
3277595,1973,1,1,5,2,6,2,24,3,R,,,,,1.0,,,,1,1970,50,2500,4
327997333,1983,2,1,5,1,1,1,48,3,D,,,,,0.0,,,,1,1980,40,1600,4
328001805,2001,1,1,5,1,1,1,70,-1,D,0.0,531.0,531.0,0.0,0.0,0.0,8375.0,0.0,1,2000,22,484,4
328100793,1979,2,1,6,1,2,2,34,1,D,,,,,0.0,,,,1,1980,44,1936,4
328275217,1987,2,3,2,3,4,6,35,4,I,,,,,,,,,3,1990,36,1296,2
328293325,1986,2,3,3,3,8,6,4,4,,,,,,,,,,3,1990,37,1369,3
328431717,1990,1,1,2,3,5,6,29,2,R,,,,,1.0,,,,1,1990,33,1089,2
3284893,1945,2,1,1,3,8,2,48,3,,0.0,3000.0,3000.0,0.0,,0.0,1119849.0,0.0,1,1940,78,6084,1
328508141,1992,2,2,1,1,2,1,29,2,D,,,,,0.0,,,,2,1990,31,961,1
328737629,2000,1,1,1,2,6,6,18,2,R,8.0,11671.0,11679.0,0.06849901532665469,1.0,258.0,173827.0,1.0,1,2000,23,529,1
328776945,1968,1,1,5,3,5,2,48,3,R,0.0,2924.0,2924.0,0.0,1.0,0.0,345594.0,0.0,1,1970,55,3025,4
328807841,1992,1,2,2,3,4,6,5,3,I,148.0,1348.0,1496.0,9.893048128342247,,24150.0,83386.0,1.0,2,1990,31,961,2
328855789,1964,2,1,4,5,4,2,29,2,I,,,,,,,,,1,1960,59,3481,4
328872573,1947,1,1,5,2,7,2,17,2,R,,,,,1.0,,,,1,1950,76,5776,4
328986297,1986,2,1,3,2,6,2,39,2,R,,,,,1.0,,,,1,1990,37,1369,3
328996305,1995,2,1,5,3,3,6,18,2,D,0.0,982.0,982.0,0.0,0.0,0.0,244256.0,0.0,1,2000,28,784,4
329194833,1981,2,3,3,1,1,1,16,4,D,,,,,0.0,,,,3,1980,42,1764,3
329221341,1996,1,1,2,5,8,6,36,1,,,,,,,,,,1,2000,27,729,2
329404177,1947,1,1,3,1,1,1,39,2,D,4.0,7421.0,7425.0,0.05387205387205387,0.0,188.0,1161692.0,1.0,1,1950,76,5776,3
329420925,1986,1,1,3,3,4,6,45,3,I,,,,,,,,,1,1990,37,1369,3
329430565,1983,2,3,2,1,1,1,6,4,D,0.0,2613.0,2613.0,0.0,0.0,0.0,83008.0,0.0,3,1980,40,1600,2
329451665,1955,1,1,5,2,6,2,22,3,R,,,,,1.0,,,,1,1960,68,4624,4
329643833,1975,1,1,1,3,4,6,36,1,I,,,,,,,,,1,1980,48,2304,1
329648569,1963,2,1,2,3,3,1,12,3,D,,,,,0.0,,,,1,1960,60,3600,2
329990257,2002,1,2,2,1,1,1,13,3,D,15.0,310.0,325.0,4.615384615384616,0.0,375.0,8065.0,1.0,2,2000,21,441,2
330394441,1965,1,1,6,1,1,1,42,1,D,,,,,0.0,,,,1,1960,58,3364,4
330404713,1978,2,3,3,1,1,1,36,1,D,,,,,0.0,,,,3,1980,45,2025,3
330553681,2003,1,1,2,3,5,6,45,3,R,,,,,1.0,,,,1,2000,20,400,2
330619333,1971,1,2,3,3,3,6,51,3,D,128.0,376.0,504.0,25.396825396825395,0.0,16582.0,19800.0,1.0,2,1970,52,2704,3
330769613,1979,1,1,5,1,2,6,39,2,D,48.0,9697.0,9745.0,0.49256028732683427,0.0,16038.0,398337.0,1.0,1,1980,44,1936,4
330854285,1964,2,5,3,5,8,6,47,3,,,,,,,,,,5,1960,59,3481,3
330881549,1941,1,1,1,2,7,6,13,3,R,0.0,2273.0,2273.0,0.0,1.0,0.0,104167.0,0.0,1,1940,82,6724,1
330944005,1952,1,1,2,4,8,6,6,4,,,,,,,,,,1,1950,71,5041,2
331053657,1994,2,1,3,1,1,1,37,3,D,,,,,0.0,,,,1,1990,29,841,3
331380213,1981,2,3,1,1,1,1,13,3,D,0.0,3863.0,3863.0,0.0,0.0,0.0,79464.0,0.0,3,1980,42,1764,1
331728305,1996,1,1,2,1,2,6,41,4,D,,,,,0.0,,,,1,2000,27,729,2
331845789,1984,2,1,5,-1,-1,-1,5,3,,,,,,,,,,1,1980,39,1521,4
331920577,2001,1,1,2,2,6,2,36,1,R,0.0,49.0,49.0,0.0,1.0,0.0,478.0,0.0,1,2000,22,484,2
331948469,1985,2,3,1,5,4,6,4,4,I,0.0,2934.0,2934.0,0.0,,0.0,149248.0,0.0,3,1980,38,1444,1
332022221,1986,1,1,5,1,2,-1,13,3,D,,,,,0.0,,,,1,1990,37,1369,4
332368201,1997,2,3,2,1,2,6,13,3,D,0.0,236.0,236.0,0.0,0.0,0.0,14277.0,0.0,3,2000,26,676,2
332398929,1998,1,1,1,3,4,6,20,2,I,224.0,21966.0,22190.0,1.0094637223974765,,3033.0,951391.0,1.0,1,2000,25,625,1
332744605,1994,1,1,5,-1,-1,-1,17,2,,6.0,3969.0,3975.0,0.1509433962264151,,2294.0,362372.0,1.0,1,1990,29,841,4
332778469,1985,1,2,5,1,2,1,37,3,D,,,,,0.0,,,,2,1980,38,1444,4
332861337,2003,2,1,3,-1,-1,-1,25,1,,13.0,1328.0,1341.0,0.9694258016405668,,1362.0,412701.0,1.0,1,2000,20,400,3
332879369,1995,2,3,3,1,1,1,13,3,D,,,,,0.0,,,,3,2000,28,784,3
332916597,1965,2,4,5,2,6,2,15,4,R,,,,,1.0,,,,4,1960,58,3364,4
333259413,2001,2,1,2,3,3,1,21,3,D,,,,,0.0,,,,1,2000,22,484,2
333331197,1991,2,1,6,1,1,1,51,3,D,,,,,0.0,,,,1,1990,32,1024,4
333459537,1980,1,6,5,3,4,5,6,4,I,,,,,,,,,5,1980,43,1849,4
333466769,1982,2,3,2,5,3,6,4,4,D,0.0,612.0,612.0,0.0,0.0,0.0,36069.0,0.0,3,1980,41,1681,2
333492677,1995,1,1,3,3,4,6,39,2,I,0.0,98.0,98.0,0.0,,0.0,5819.0,0.0,1,2000,28,784,3
333560665,1972,1,1,2,3,4,6,48,3,I,,,,,,,,,1,1970,51,2601,2
333602097,1989,1,2,1,1,2,6,39,2,D,,,,,0.0,,,,2,1990,34,1156,1
3341131,1962,2,1,2,3,5,2,18,2,R,,,,,1.0,,,,1,1960,61,3721,2
334189905,1995,2,2,5,1,1,6,36,1,D,,,,,0.0,,,,2,2000,28,784,4
334198173,1983,2,2,6,-1,-1,-1,12,3,,,,,,,,,,2,1980,40,1600,4
334223317,1999,1,1,2,1,1,1,53,4,D,,,,,0.0,,,,1,2000,24,576,2
334281645,1989,1,6,2,-1,-1,-1,42,1,,10.0,1016.0,1026.0,0.9746588693957114,,210.0,202688.0,1.0,5,1990,34,1156,2
334309377,2002,1,2,5,-1,-1,-1,48,3,,0.0,1797.0,1797.0,0.0,,0.0,45360.0,0.0,2,2000,21,441,4
334338081,1968,1,1,3,2,7,2,42,1,R,0.0,1458.0,1458.0,0.0,1.0,0.0,124661.0,0.0,1,1970,55,3025,3
334393009,2003,1,1,2,4,4,6,8,4,I,192.0,1766.0,1958.0,9.805924412665986,,7360.0,48297.0,1.0,1,2000,20,400,2
334428241,1985,2,3,3,-1,-1,-1,35,4,,,,,,,,,,3,1980,38,1444,3
334457313,1980,2,1,1,2,7,2,51,3,R,,,,,1.0,,,,1,1980,43,1849,1
334863933,2001,2,1,3,5,5,-1,13,3,R,,,,,1.0,,,,1,2000,22,484,3
335538845,1969,1,1,3,2,7,2,42,1,R,,,,,1.0,,,,1,1970,54,2916,3
335686381,1983,1,3,2,4,5,2,6,4,R,0.0,109.0,109.0,0.0,1.0,0.0,4644.0,0.0,3,1980,40,1600,2
335699769,1999,1,2,2,-1,-1,-1,48,3,,2.0,1928.0,1930.0,0.10362694300518134,,30.0,258184.0,1.0,2,2000,24,576,2
335730217,2001,1,3,4,2,6,1,48,3,R,0.0,140.0,140.0,0.0,1.0,0.0,23120.0,0.0,3,2000,22,484,4
335742393,1976,1,1,6,-1,-1,-1,8,4,,4.0,20067.0,20071.0,0.01992925115838772,,254.0,777216.0,1.0,1,1980,47,2209,4
335799517,1990,1,1,5,1,1,1,6,4,D,734.0,22651.0,23385.0,3.1387641650630744,0.0,21026.0,563592.0,1.0,1,1990,33,1089,4
335827261,1995,2,3,4,3,4,6,17,2,I,0.0,3613.0,3613.0,0.0,,0.0,86697.0,0.0,3,2000,28,784,4
335844793,1982,1,2,2,3,3,1,9,1,D,20.0,45.0,65.0,30.76923076923077,0.0,1990.0,1809.0,1.0,2,1980,41,1681,2
335947617,1967,1,1,2,2,7,2,47,3,R,,,,,1.0,,,,1,1970,56,3136,2
336061389,1992,1,1,5,1,1,1,48,3,D,0.0,71.0,71.0,0.0,0.0,0.0,6770.0,0.0,1,1990,31,961,4
336129797,1977,2,1,5,-1,-1,-1,22,3,,,,,,,,,,1,1980,46,2116,4
336140849,1961,2,1,6,2,6,2,51,3,R,0.0,476.0,476.0,0.0,1.0,0.0,19271.0,0.0,1,1960,62,3844,4
336201309,1993,1,3,2,2,7,6,48,3,R,123.0,621.0,744.0,16.532258064516128,1.0,7068.0,92219.0,1.0,3,1990,30,900,2
336209901,1996,1,3,2,1,2,6,6,4,D,214.0,635.0,849.0,25.206124852767964,0.0,15078.0,28714.0,1.0,3,2000,27,729,2
336559945,1967,2,1,5,1,1,1,42,1,D,,,,,0.0,,,,1,1970,56,3136,4
336586977,2003,1,1,1,-1,-1,6,26,2,,87.0,9706.0,9793.0,0.8883896660880221,,1414.0,228640.0,1.0,1,2000,20,400,1
336649161,1987,1,2,5,3,3,6,28,3,D,,,,,0.0,,,,2,1990,36,1296,4
336662369,1961,1,3,2,1,2,1,12,3,D,0.0,1054.0,1054.0,0.0,0.0,0.0,36327.0,0.0,3,1960,62,3844,2
336703793,1995,2,6,5,4,3,1,25,1,D,,,,,0.0,,,,5,2000,28,784,4
336892509,1992,2,3,3,3,4,1,48,3,I,,,,,,,,,3,1990,31,961,3
337037605,1991,1,1,3,2,7,6,6,4,R,,,,,1.0,,,,1,1990,32,1024,3
337491485,2002,1,1,2,3,3,6,39,2,D,0.0,53.0,53.0,0.0,0.0,0.0,554.0,0.0,1,2000,21,441,2
337566397,1954,1,3,5,1,1,1,48,3,D,,,,,0.0,,,,3,1950,69,4761,4
337575245,1967,1,1,3,4,5,2,28,3,R,1564.0,1354.0,2918.0,53.598355037697054,1.0,104963.0,48558.0,1.0,1,1970,56,3136,3
337577529,1972,2,1,5,2,6,2,12,3,R,6.0,1321.0,1327.0,0.45214770158251694,1.0,380.0,60811.0,1.0,1,1970,51,2601,4
337651065,1989,1,2,6,-1,-1,-1,36,1,,498.0,3811.0,4309.0,11.557205848224646,,7200.0,52669.0,1.0,2,1990,34,1156,4
337667557,1999,2,2,3,-1,-1,-1,18,2,,,,,,,,,,2,2000,24,576,3
337750461,1962,1,2,2,4,8,6,48,3,,118.0,519.0,637.0,18.524332810047095,,16371.0,29804.0,1.0,2,1960,61,3721,2
337815689,1999,1,1,3,-1,-1,-1,4,4,,272.0,4728.0,5000.0,5.4399999999999995,,26234.0,668249.0,1.0,1,2000,24,576,3
337872529,1956,1,2,4,-1,-1,-1,48,3,,,,,,,,,,2,1960,67,4489,4
338036925,1993,2,1,5,1,1,1,36,1,D,,,,,0.0,,,,1,1990,30,900,4
338037549,1959,2,3,5,1,2,1,36,1,D,,,,,0.0,,,,3,1960,64,4096,4
338118089,1955,2,1,2,2,6,6,5,3,R,,,,,1.0,,,,1,1960,68,4624,2
338168145,2003,2,1,1,3,4,6,48,3,I,0.0,202.0,202.0,0.0,,0.0,7736.0,0.0,1,2000,20,400,1
338180897,1987,1,3,5,1,3,1,48,3,D,0.0,17902.0,17902.0,0.0,0.0,0.0,301133.0,0.0,3,1990,36,1296,4
338210893,1981,2,1,5,4,3,1,55,2,D,0.0,72.0,72.0,0.0,0.0,0.0,4022.0,0.0,1,1980,42,1764,4
338346309,1982,1,2,4,3,5,2,45,3,R,,,,,1.0,,,,2,1980,41,1681,4
338356545,1989,2,2,1,3,4,6,47,3,I,,,,,,,,,2,1990,34,1156,1
338422913,1999,1,2,2,1,2,6,48,3,D,1196.0,2496.0,3692.0,32.3943661971831,0.0,74962.0,151986.0,1.0,2,2000,24,576,2
338479105,1979,1,4,1,-1,-1,-1,34,1,,0.0,3279.0,3279.0,0.0,,0.0,40084.0,0.0,4,1980,44,1936,1
338489461,1990,2,1,3,3,3,6,37,3,D,27.0,626.0,653.0,4.134762633996937,0.0,2936.0,17488.0,1.0,1,1990,33,1089,3
338531977,1982,1,1,6,2,6,6,6,4,R,0.0,4109.0,4109.0,0.0,1.0,0.0,91784.0,0.0,1,1980,41,1681,4
338558665,1997,2,1,5,-1,-1,-1,34,1,,0.0,1968.0,1968.0,0.0,,0.0,140774.0,0.0,1,2000,26,676,4
338746325,1974,1,1,2,2,7,2,37,3,R,49.0,115.0,164.0,29.878048780487802,1.0,6654.0,9410.0,1.0,1,1970,49,2401,2
3388619,1954,1,1,2,3,5,2,23,1,R,474.0,14984.0,15458.0,3.0663733988873076,1.0,15658.0,259747.0,1.0,1,1950,69,4761,2
339051189,1993,1,2,3,3,4,6,17,2,I,0.0,4709.0,4709.0,0.0,,0.0,338173.0,0.0,2,1990,30,900,3
339194173,1974,2,7,3,1,1,1,53,4,D,,,,,0.0,,,,5,1970,49,2401,3
339265213,1983,2,1,5,1,2,1,36,1,D,,,,,0.0,,,,1,1980,40,1600,4
339278837,1994,1,2,5,1,2,1,4,4,D,,,,,0.0,,,,2,1990,29,841,4
339334501,1963,1,3,5,3,4,6,6,4,I,0.0,7681.0,7681.0,0.0,,0.0,188792.0,0.0,3,1960,60,3600,4
339473313,1998,1,1,2,1,2,1,5,3,D,,,,,0.0,,,,1,2000,25,625,2
339628185,1995,2,3,2,3,4,2,32,4,I,0.0,1231.0,1231.0,0.0,,0.0,48648.0,0.0,3,2000,28,784,2
339677365,1987,2,2,1,5,4,6,36,1,I,,,,,,,,,2,1990,36,1296,1
339742565,2002,1,3,3,1,2,6,12,3,D,161.0,2705.0,2866.0,5.617585484996511,0.0,7862.0,126973.0,1.0,3,2000,21,441,3
339782821,1978,1,1,5,-1,-1,-1,36,1,,,,,,,,,,1,1980,45,2025,4
339942741,1997,2,1,3,1,2,6,47,3,D,,,,,0.0,,,,1,2000,26,676,3
339962665,1971,1,1,2,2,7,6,48,3,R,282.0,1423.0,1705.0,16.53958944281525,1.0,99722.0,214408.0,1.0,1,1970,52,2704,2
340164333,1984,2,1,6,3,3,1,55,2,D,,,,,0.0,,,,1,1980,39,1521,4
340169905,1981,1,2,2,1,2,1,17,2,D,,,,,0.0,,,,2,1980,42,1764,2
340334641,1989,2,3,1,5,8,6,37,3,,0.0,705.0,705.0,0.0,,0.0,52459.0,0.0,3,1990,34,1156,1
340407153,2000,2,3,2,3,4,6,12,3,I,0.0,1375.0,1375.0,0.0,,0.0,34961.0,0.0,3,2000,23,529,2
340537857,1993,2,2,2,1,2,1,4,4,D,,,,,0.0,,,,2,1990,30,900,2
340767973,1997,1,1,1,3,4,6,37,3,I,112.0,1488.0,1600.0,7.000000000000001,,5057.0,103118.0,1.0,1,2000,26,676,1
341082301,1997,2,3,5,5,4,6,48,3,I,,,,,,,,,3,2000,26,676,4
341156837,2001,2,3,4,5,8,6,48,3,,,,,,,,,,3,2000,22,484,4
341159521,2000,1,1,1,2,7,6,45,3,R,0.0,27.0,27.0,0.0,1.0,0.0,190.0,0.0,1,2000,23,529,1
341254401,2000,1,3,1,3,4,6,36,1,I,0.0,3540.0,3540.0,0.0,,0.0,148025.0,0.0,3,2000,23,529,1
341271125,1964,2,2,4,1,1,1,4,4,D,,,,,0.0,,,,2,1960,59,3481,4
341894397,1945,2,1,3,2,7,2,30,4,R,0.0,9645.0,9645.0,0.0,1.0,0.0,152040.0,0.0,1,1940,78,6084,3
342064093,1992,1,1,2,5,4,2,26,2,I,0.0,8.0,8.0,0.0,,0.0,316.0,0.0,1,1990,31,961,2
342064309,1990,1,3,2,5,8,6,8,4,,0.0,271.0,271.0,0.0,,0.0,8206.0,0.0,3,1990,33,1089,2
342168337,1998,1,1,2,5,4,2,5,3,I,,,,,,,,,1,2000,25,625,2
342184781,2002,1,1,2,4,8,1,18,2,,0.0,3272.0,3272.0,0.0,,0.0,810727.0,0.0,1,2000,21,441,2
342354305,1990,2,3,1,5,4,6,39,2,I,0.0,1045.0,1045.0,0.0,,0.0,73686.0,0.0,3,1990,33,1089,1
342368009,1996,2,1,2,-1,-1,-1,18,2,,,,,,,,,,1,2000,27,729,2
342376013,1989,1,1,4,-1,-1,-1,4,4,,,,,,,,,,1,1990,34,1156,4
342383477,1990,2,6,3,-1,-1,-1,40,3,,,,,,,,,,5,1990,33,1089,3
343144813,1993,2,1,5,1,1,6,48,3,D,0.0,839.0,839.0,0.0,0.0,0.0,13234.0,0.0,1,1990,30,900,4
343195461,1969,1,1,3,5,3,-1,22,3,D,,,,,0.0,,,,1,1970,54,2916,3
343466645,2000,1,1,1,5,8,-1,47,3,,493.0,536.0,1029.0,47.910592808551996,,20008.0,11196.0,1.0,1,2000,23,529,1
345485,1935,1,1,2,2,7,2,42,1,R,0.0,4281.0,4281.0,0.0,1.0,0.0,101995.0,0.0,1,1940,88,7744,2
3494217,1936,2,1,3,2,6,2,48,3,R,0.0,643.0,643.0,0.0,1.0,0.0,18588.0,0.0,1,1940,87,7569,3
3496437,1942,2,1,3,2,7,2,21,3,R,,,,,1.0,,,,1,1940,81,6561,3
3577773,1932,2,1,2,1,1,1,4,4,D,0.0,9069.0,9069.0,0.0,0.0,0.0,946061.0,0.0,1,1930,91,8281,2
359503,1962,1,1,3,2,7,2,17,2,R,,,,,1.0,,,,1,1960,61,3721,3
3643747,1947,2,1,2,3,4,1,12,3,I,0.0,36372.0,36372.0,0.0,,0.0,541494.0,0.0,1,1950,76,5776,2
3670315,1952,2,3,2,2,7,2,4,4,R,0.0,3085.0,3085.0,0.0,1.0,0.0,269954.0,0.0,3,1950,71,5041,2
3675677,1952,1,1,5,3,3,1,44,1,D,,,,,0.0,,,,1,1950,71,5041,4
3683549,1954,2,5,3,3,4,2,41,4,I,,,,,,,,,5,1950,69,4761,3
3683705,1964,1,7,6,4,5,2,55,2,R,,,,,1.0,,,,5,1960,59,3481,4
368901,1957,1,1,4,3,5,2,27,2,R,0.0,5764.0,5764.0,0.0,1.0,0.0,654104.0,0.0,1,1960,66,4356,4
3723453,1938,1,1,3,1,1,1,41,4,D,331.0,3538.0,3869.0,8.555182217627294,0.0,7764.0,173703.0,1.0,1,1940,85,7225,3
3782415,1950,2,1,2,1,1,1,16,4,D,,,,,0.0,,,,1,1950,73,5329,2
3802269,1952,2,1,2,2,7,2,37,3,R,0.0,4547.0,4547.0,0.0,1.0,0.0,107463.0,0.0,1,1950,71,5041,2
3805151,1944,2,1,3,2,6,2,42,1,R,,,,,1.0,,,,1,1940,79,6241,3
3808845,1935,1,1,2,1,1,1,12,3,D,0.0,5062.0,5062.0,0.0,0.0,0.0,708873.0,0.0,1,1940,88,7744,2
3824293,1941,2,1,2,1,1,1,53,4,D,0.0,19278.0,19278.0,0.0,0.0,0.0,211418.0,0.0,1,1940,82,6724,2
3849639,1965,1,1,3,3,3,1,44,1,D,,,,,0.0,,,,1,1960,58,3364,3
3888927,1966,1,1,3,3,4,2,1,3,I,,,,,,,,,1,1970,57,3249,3
3908785,1956,1,1,6,2,7,2,33,1,R,,,,,1.0,,,,1,1960,67,4489,4
4001341,1980,1,1,5,2,6,2,26,2,R,,,,,1.0,,,,1,1980,43,1849,4
4012089,1951,1,1,2,4,5,2,18,2,R,0.0,5596.0,5596.0,0.0,1.0,0.0,230333.0,0.0,1,1950,72,5184,2
4024501,1966,1,1,5,4,4,2,26,2,I,,,,,,,,,1,1970,57,3249,4
4072033,1944,1,1,3,2,7,2,42,1,R,,,,,1.0,,,,1,1940,79,6241,3
4076275,1947,1,1,2,2,6,2,19,2,R,559.0,6605.0,7164.0,7.802903405918481,1.0,16922.0,151275.0,1.0,1,1950,76,5776,2
4115233,1935,1,1,5,2,7,2,48,3,R,,,,,1.0,,,,1,1940,88,7744,4
4148567,1939,1,1,6,1,1,1,37,3,D,,,,,0.0,,,,1,1940,84,7056,4
4164787,1961,1,2,5,1,2,1,39,2,D,1882.0,1260.0,3142.0,59.898154042011456,0.0,203193.0,59229.0,1.0,2,1960,62,3844,4
4232411,1938,1,1,5,2,7,2,34,1,R,4.0,1750.0,1754.0,0.22805017103762829,1.0,52.0,90061.0,1.0,1,1940,85,7225,4
4233925,1947,1,1,2,3,4,2,26,2,I,22.0,9578.0,9600.0,0.22916666666666666,,740.0,242370.0,1.0,1,1950,76,5776,2
438245,1977,1,1,5,3,4,1,28,3,I,,,,,,,,,1,1980,46,2116,4
43901031,1987,1,3,4,3,4,6,12,3,I,0.0,9035.0,9035.0,0.0,,0.0,312323.0,0.0,3,1990,36,1296,4
4436277,1982,1,1,5,3,5,2,12,3,R,0.0,7372.0,7372.0,0.0,1.0,0.0,152074.0,0.0,1,1980,41,1681,4
4446433,1948,2,1,3,2,7,2,24,3,R,,,,,1.0,,,,1,1950,75,5625,3
44553161,1950,2,2,6,1,1,1,48,3,D,,,,,0.0,,,,2,1950,73,5329,4
44643107,1969,1,1,5,3,4,-1,36,1,I,,,,,,,,,1,1970,54,2916,4
44709005,1969,2,3,5,2,7,2,6,4,R,,,,,1.0,,,,3,1970,54,2916,4
45184669,1933,1,1,4,1,1,1,45,3,D,,,,,0.0,,,,1,1930,90,8100,4
45283241,1952,2,1,3,2,7,2,1,3,R,0.0,2669.0,2669.0,0.0,1.0,0.0,70408.0,0.0,1,1950,71,5041,3
45410765,1988,2,4,6,3,3,1,12,3,D,,,,,0.0,,,,4,1990,35,1225,4
4577171,1997,2,1,5,2,7,2,28,3,R,,,,,1.0,,,,1,2000,26,676,4
46117859,1947,1,1,2,3,4,2,48,3,I,0.0,10146.0,10146.0,0.0,,0.0,633514.0,0.0,1,1950,76,5776,2
4617051,1948,2,1,6,2,6,2,48,3,R,,,,,1.0,,,,1,1950,75,5625,4
46359515,1953,2,1,2,2,7,2,48,3,R,,,,,1.0,,,,1,1950,70,4900,2
46367143,1983,2,1,6,4,4,-1,12,3,I,0.0,1107.0,1107.0,0.0,,0.0,42197.0,0.0,1,1980,40,1600,4
4653631,1954,1,1,2,3,4,2,29,2,I,0.0,1880.0,1880.0,0.0,,0.0,104911.0,0.0,1,1950,69,4761,2
4657433,1978,2,4,6,1,1,1,11,3,D,,,,,0.0,,,,4,1980,45,2025,4
46788081,1977,1,6,5,1,2,1,6,4,D,,,,,0.0,,,,5,1980,46,2116,4
47019621,1963,1,2,5,1,1,1,37,3,D,,,,,0.0,,,,2,1960,60,3600,4
4705375,1949,1,1,5,1,1,1,42,1,D,0.0,172.0,172.0,0.0,0.0,0.0,14804.0,0.0,1,1950,74,5476,4
4715721,1956,1,1,5,3,5,2,48,3,R,,,,,1.0,,,,1,1960,67,4489,4
4717785,1965,2,4,5,1,2,1,27,2,D,,,,,0.0,,,,4,1960,58,3364,4
47541,1955,2,1,2,2,6,2,12,3,R,0.0,17229.0,17229.0,0.0,1.0,0.0,263288.0,0.0,1,1960,68,4624,2
4757927,1955,2,1,2,3,5,-1,45,3,R,,,,,1.0,,,,1,1960,68,4624,2
4771071,1975,1,1,6,2,7,2,48,3,R,,,,,1.0,,,,1,1980,48,2304,4
4793045,1986,1,1,2,3,3,6,33,1,D,,,,,0.0,,,,1,1990,37,1369,2
48368483,1964,1,1,2,3,4,2,1,3,I,0.0,4256.0,4256.0,0.0,,0.0,135148.0,0.0,1,1960,59,3481,2
48471247,1989,1,2,2,5,8,6,13,3,,,,,,,,,,2,1990,34,1156,2
48706265,1955,2,1,5,2,7,2,34,1,R,0.0,19676.0,19676.0,0.0,1.0,0.0,253635.0,0.0,1,1960,68,4624,4
487819,1966,1,1,5,2,7,2,49,4,R,,,,,1.0,,,,1,1970,57,3249,4
4889903,1953,2,2,2,1,1,6,13,3,D,0.0,439.0,439.0,0.0,0.0,0.0,15756.0,0.0,2,1950,70,4900,2
49050251,1985,1,3,4,2,6,2,6,4,R,48.0,41306.0,41354.0,0.11607099675968469,1.0,2444.0,466175.0,1.0,3,1980,38,1444,4
49079667,1950,1,1,3,1,1,1,54,3,D,,,,,0.0,,,,1,1950,73,5329,3
4924277,1948,2,3,6,2,6,2,12,3,R,0.0,78.0,78.0,0.0,1.0,0.0,797.0,0.0,3,1950,75,5625,4
4966261,1938,2,1,3,1,1,1,36,1,D,,,,,0.0,,,,1,1940,85,7225,3
49768835,1958,1,1,3,3,4,1,9,1,I,,,,,,,,,1,1960,65,4225,3
4984757,1946,2,1,2,4,3,6,36,1,D,0.0,2939.0,2939.0,0.0,0.0,0.0,179910.0,0.0,1,1950,77,5929,2
49849143,1973,2,3,5,2,7,6,48,3,R,15.0,464.0,479.0,3.1315240083507305,1.0,654.0,14909.0,1.0,3,1970,50,2500,4
49856815,1973,2,1,5,2,7,2,29,2,R,0.0,25813.0,25813.0,0.0,1.0,0.0,618590.0,0.0,1,1970,50,2500,4
50043477,1997,2,1,3,2,7,2,6,4,R,,,,,1.0,,,,1,2000,26,676,3
5013237,1935,2,1,3,3,3,1,39,2,D,,,,,0.0,,,,1,1940,88,7744,3
50350019,1970,1,1,2,3,5,-1,47,3,R,,,,,1.0,,,,1,1970,53,2809,2
50467805,1968,1,1,3,1,1,1,48,3,D,,,,,0.0,,,,1,1970,55,3025,3
50553241,1998,2,1,2,3,3,1,42,1,D,,,,,0.0,,,,1,2000,25,625,2
5082825,1971,1,1,5,2,5,-1,17,2,R,,,,,1.0,,,,1,1970,52,2704,4
509295,1967,2,1,2,2,6,2,42,1,R,0.0,5357.0,5357.0,0.0,1.0,0.0,227850.0,0.0,1,1970,56,3136,2
51055265,1959,1,1,6,3,5,2,48,3,R,,,,,1.0,,,,1,1960,64,4096,4
51062521,1973,2,3,2,1,1,1,25,1,D,0.0,14860.0,14860.0,0.0,0.0,0.0,156748.0,0.0,3,1970,50,2500,2
51072027,1986,2,3,2,1,2,1,48,3,D,15.0,1299.0,1314.0,1.141552511415525,0.0,1750.0,71456.0,1.0,3,1990,37,1369,2
51084731,1947,2,1,2,1,1,-1,99,-1,D,0.0,6079.0,6079.0,0.0,0.0,0.0,110048.0,0.0,1,1950,76,5776,2
51201655,1993,2,2,4,3,4,6,36,1,I,,,,,,,,,2,1990,30,900,4
5121169,1958,2,6,4,3,4,1,12,3,I,,,,,,,,,5,1960,65,4225,4
51307001,1970,1,3,6,1,1,6,20,2,D,,,,,0.0,,,,3,1970,53,2809,4
51376843,1986,2,2,2,1,1,1,28,3,D,,,,,0.0,,,,2,1990,37,1369,2
51448787,1958,2,1,6,1,2,6,25,1,D,,,,,0.0,,,,1,1960,65,4225,4
51516201,1959,1,3,5,2,6,2,6,4,R,,,,,1.0,,,,3,1960,64,4096,4
51543611,1983,2,3,5,5,8,-1,12,3,,,,,,,,,,3,1980,40,1600,4
51691737,1987,2,1,5,1,1,1,36,1,D,,,,,0.0,,,,1,1990,36,1296,4
5173911,1948,1,1,3,3,4,2,18,2,I,483.0,8771.0,9254.0,5.219364599092285,,5900.0,78026.0,1.0,1,1950,75,5625,3
51769031,1936,2,1,5,2,7,2,45,3,R,0.0,15279.0,15279.0,0.0,1.0,0.0,259873.0,0.0,1,1940,87,7569,4
52029527,1995,2,4,5,5,4,-1,6,4,I,0.0,945.0,945.0,0.0,,0.0,10419.0,0.0,4,2000,28,784,4
5204661,1953,2,1,1,2,7,2,8,4,R,,,,,1.0,,,,1,1950,70,4900,1
5209607,1954,2,1,6,4,5,2,48,3,R,,,,,1.0,,,,1,1950,69,4761,4
52288223,2001,1,1,3,1,1,-1,39,2,D,70.0,25968.0,26038.0,0.2688378523696136,0.0,446.0,239042.0,1.0,1,2000,22,484,3
52381857,1989,2,1,2,2,7,2,23,1,R,0.0,18266.0,18266.0,0.0,1.0,0.0,1285098.0,0.0,1,1990,34,1156,2
5238483,1955,2,1,6,2,6,2,8,4,R,,,,,1.0,,,,1,1960,68,4624,4
52388387,1963,2,1,6,2,6,2,13,3,R,,,,,1.0,,,,1,1960,60,3600,4
5246961,1956,1,1,2,3,4,1,12,3,I,,,,,,,,,1,1960,67,4489,2
52531907,1983,2,1,6,2,6,2,51,3,R,,,,,1.0,,,,1,1980,40,1600,4
52595215,1971,1,1,2,3,4,6,39,2,I,,,,,,,,,1,1970,52,2704,2
52610033,1986,2,3,2,1,1,1,42,1,D,0.0,10190.0,10190.0,0.0,0.0,0.0,248648.0,0.0,3,1990,37,1369,2
52628753,1955,2,1,2,2,7,2,21,3,R,0.0,3760.0,3760.0,0.0,1.0,0.0,139124.0,0.0,1,1960,68,4624,2
5271809,1932,1,2,5,3,3,1,4,4,D,0.0,3930.0,3930.0,0.0,0.0,0.0,319236.0,0.0,2,1930,91,8281,4
52801437,1976,2,3,2,1,1,1,48,3,D,,,,,0.0,,,,3,1980,47,2209,2
53202379,1980,1,1,2,2,6,2,48,3,R,,,,,1.0,,,,1,1980,43,1849,2
53206323,2001,2,1,3,1,1,-1,39,2,D,,,,,0.0,,,,1,2000,22,484,3
53255111,1986,1,1,5,3,5,2,31,2,R,,,,,1.0,,,,1,1990,37,1369,4
53347267,1967,2,1,2,3,3,-1,6,4,D,,,,,0.0,,,,1,1970,56,3136,2
53374285,1955,2,1,2,2,7,6,6,4,R,,,,,1.0,,,,1,1960,68,4624,2
53398241,1951,1,2,4,1,1,1,26,2,D,,,,,0.0,,,,2,1950,72,5184,4
53406397,1951,2,1,1,2,7,2,12,3,R,0.0,626.0,626.0,0.0,1.0,0.0,25257.0,0.0,1,1950,72,5184,1
53544891,1969,1,1,2,2,7,2,39,2,R,,,,,1.0,,,,1,1970,54,2916,2
5354787,1975,1,1,5,3,3,1,8,4,D,,,,,0.0,,,,1,1980,48,2304,4
5364183,1955,1,1,2,1,2,2,23,1,D,102.0,19665.0,19767.0,0.5160115343754742,0.0,1342.0,336384.0,1.0,1,1960,68,4624,2
53741209,1985,1,3,4,1,1,1,4,4,D,,,,,0.0,,,,3,1980,38,1444,4
5396039,1980,1,1,5,2,6,-1,47,3,R,,,,,1.0,,,,1,1980,43,1849,4
54046453,1952,2,1,2,1,1,1,42,1,D,0.0,9874.0,9874.0,0.0,0.0,0.0,436605.0,0.0,1,1950,71,5041,2
5421327,1961,1,1,2,2,7,2,27,2,R,0.0,134.0,134.0,0.0,1.0,0.0,2008.0,0.0,1,1960,62,3844,2
54220201,1969,2,3,2,3,4,6,48,3,I,0.0,205.0,205.0,0.0,,0.0,18964.0,0.0,3,1970,54,2916,2
54613509,1991,1,1,4,3,5,2,6,4,R,,,,,1.0,,,,1,1990,32,1024,4
5463461,1965,2,1,5,2,7,2,55,2,R,0.0,1330.0,1330.0,0.0,1.0,0.0,368327.0,0.0,1,1960,58,3364,4
54739631,1951,2,1,2,2,7,2,27,2,R,0.0,4678.0,4678.0,0.0,1.0,0.0,250058.0,0.0,1,1950,72,5184,2
5493923,1960,2,1,2,2,6,2,51,3,R,,,,,1.0,,,,1,1960,63,3969,2
54952539,1991,2,2,6,1,2,6,28,3,D,,,,,0.0,,,,2,1990,32,1024,4
55034703,1973,1,2,2,3,4,1,1,3,I,0.0,3257.0,3257.0,0.0,,0.0,81590.0,0.0,2,1970,50,2500,2
55038547,1989,2,2,3,2,6,2,13,3,R,,,,,1.0,,,,2,1990,34,1156,3
55039671,1998,2,3,3,1,1,6,6,4,D,,,,,0.0,,,,3,2000,25,625,3
55101609,1986,1,1,5,2,7,2,42,1,R,,,,,1.0,,,,1,1990,37,1369,4
55127615,1987,2,1,6,2,6,6,1,3,R,,,,,1.0,,,,1,1990,36,1296,4
55212385,1970,1,4,2,1,1,-1,15,4,D,87.0,11783.0,11870.0,0.7329401853411963,0.0,5540.0,432285.0,1.0,4,1970,53,2809,2
55299355,1948,1,1,2,3,4,-1,30,4,I,0.0,3546.0,3546.0,0.0,,0.0,132536.0,0.0,1,1950,75,5625,2
5538251,1982,1,1,2,5,4,6,47,3,I,,,,,,,,,1,1980,41,1681,2
55395081,1983,1,3,5,1,2,6,6,4,D,,,,,0.0,,,,3,1980,40,1600,4
5545165,1944,1,1,3,1,1,1,41,4,D,,,,,0.0,,,,1,1940,79,6241,3
5562129,1957,1,1,6,2,6,2,48,3,R,0.0,454.0,454.0,0.0,1.0,0.0,49073.0,0.0,1,1960,66,4356,4
55661375,1987,2,3,2,2,6,6,37,3,R,0.0,170.0,170.0,0.0,1.0,0.0,13627.0,0.0,3,1990,36,1296,2
55750039,2000,1,1,3,2,7,2,27,2,R,0.0,87.0,87.0,0.0,1.0,0.0,2398.0,0.0,1,2000,23,529,3
55773869,1986,1,1,6,3,3,1,48,3,D,,,,,0.0,,,,1,1990,37,1369,4
5585153,1965,1,5,6,3,4,2,26,2,I,,,,,,,,,5,1960,58,3364,4
55891513,1966,1,1,4,-1,-1,-1,12,3,,,,,,,,,,1,1970,57,3249,4
55900579,1989,1,1,3,3,4,1,42,1,I,,,,,,,,,1,1990,34,1156,3
55905329,1986,2,2,3,5,4,6,48,3,I,0.0,15454.0,15454.0,0.0,,0.0,396922.0,0.0,2,1990,37,1369,3
56251535,1960,2,1,6,1,1,1,36,1,D,0.0,6356.0,6356.0,0.0,0.0,0.0,334674.0,0.0,1,1960,63,3969,4
56384813,1997,1,1,2,3,3,6,42,1,D,,,,,0.0,,,,1,2000,26,676,2
56463825,1979,1,1,2,3,5,6,42,1,R,5.0,581.0,586.0,0.8532423208191127,1.0,1189.0,32819.0,1.0,1,1980,44,1936,2
5647591,1967,2,1,5,3,3,1,37,3,D,,,,,0.0,,,,1,1970,56,3136,4
56503305,1993,1,1,5,1,1,1,32,4,D,,,,,0.0,,,,1,1990,30,900,4
5654881,1964,1,1,2,1,1,2,42,1,D,0.0,4852.0,4852.0,0.0,0.0,0.0,87781.0,0.0,1,1960,59,3481,2
56555303,1964,2,6,5,1,1,1,37,3,D,,,,,0.0,,,,5,1960,59,3481,4
56565,1940,2,1,3,3,5,2,17,2,R,0.0,11493.0,11493.0,0.0,1.0,0.0,187828.0,0.0,1,1940,83,6889,3
5669173,1957,1,6,5,4,5,2,42,1,R,,,,,1.0,,,,5,1960,66,4356,4
56851091,1951,1,1,1,5,4,6,6,4,I,,,,,,,,,1,1950,72,5184,1
57014127,1990,2,2,4,1,1,1,22,3,D,,,,,0.0,,,,2,1990,33,1089,4
57193985,1993,2,1,5,1,1,-1,42,1,D,,,,,0.0,,,,1,1990,30,900,4
5720917,1950,2,1,5,2,7,2,1,3,R,,,,,1.0,,,,1,1950,73,5329,4
5731611,1939,1,1,2,3,5,2,51,3,R,90.0,8259.0,8349.0,1.0779734099892202,1.0,4360.0,431983.0,1.0,1,1940,84,7056,2
57349847,1995,1,1,5,3,5,2,22,3,R,133.0,3879.0,4012.0,3.3150548354935196,1.0,2648.0,70073.0,1.0,1,2000,28,784,4
57373427,1992,1,3,5,3,4,6,36,1,I,157.0,4062.0,4219.0,3.721260962313344,,9198.0,245419.0,1.0,3,1990,31,961,4
57501763,1987,2,1,6,3,3,1,24,3,D,,,,,0.0,,,,1,1990,36,1296,4
5753683,1975,1,3,6,3,3,-1,39,2,D,0.0,31.0,31.0,0.0,0.0,0.0,735.0,0.0,3,1980,48,2304,4
5754453,1936,2,1,6,4,3,1,39,2,D,,,,,0.0,,,,1,1940,87,7569,4
57562551,2000,2,3,5,1,1,6,51,3,D,,,,,0.0,,,,3,2000,23,529,4
576397,1976,1,1,2,3,3,6,16,4,D,329.0,7019.0,7348.0,4.477408818726184,0.0,6027.0,303799.0,1.0,1,1980,47,2209,2
57666453,1959,1,1,2,3,4,2,31,2,I,10.0,9641.0,9651.0,0.10361620557455187,,242.0,424295.0,1.0,1,1960,64,4096,2
58482211,1986,2,3,2,1,2,1,35,4,D,4.0,3589.0,3593.0,0.11132758140829391,0.0,2478.0,161200.0,1.0,3,1990,37,1369,2
58488909,1959,1,1,3,3,5,2,48,3,R,,,,,1.0,,,,1,1960,64,4096,3
5879589,1954,1,2,2,1,1,1,39,2,D,0.0,79.0,79.0,0.0,0.0,0.0,4333.0,0.0,2,1950,69,4761,2
5898041,1955,1,3,2,3,4,1,12,3,I,0.0,1823.0,1823.0,0.0,,0.0,84123.0,0.0,3,1960,68,4624,2
5900515,1967,1,2,2,1,1,1,24,3,D,0.0,2432.0,2432.0,0.0,0.0,0.0,81684.0,0.0,2,1970,56,3136,2
5909915,1955,1,1,2,1,1,1,6,4,D,,,,,0.0,,,,1,1960,68,4624,2
59377517,1946,1,1,3,2,6,2,39,2,R,,,,,1.0,,,,1,1950,77,5929,3
59378969,1965,1,1,3,3,4,6,12,3,I,253.0,22948.0,23201.0,1.0904702383517952,,4335.0,452818.0,1.0,1,1960,58,3364,3
59552749,1989,1,3,3,1,1,1,48,3,D,38.0,251.0,289.0,13.148788927335639,0.0,3476.0,2774.0,1.0,3,1990,34,1156,3
5956121,1939,2,1,3,2,7,2,6,4,R,0.0,3978.0,3978.0,0.0,1.0,0.0,176021.0,0.0,1,1940,84,7056,3
596481,1954,1,3,6,3,5,2,48,3,R,0.0,7739.0,7739.0,0.0,1.0,0.0,224573.0,0.0,3,1950,69,4761,4
5978505,1952,2,2,2,1,1,1,45,3,D,0.0,1281.0,1281.0,0.0,0.0,0.0,111568.0,0.0,2,1950,71,5041,2
59975195,1936,2,2,2,1,1,1,24,3,D,2.0,3276.0,3278.0,0.06101281269066504,0.0,12.0,117808.0,1.0,2,1940,87,7569,2
59978715,1947,1,1,2,2,7,2,36,1,R,85.0,9572.0,9657.0,0.8801905353629491,1.0,1039.0,199433.0,1.0,1,1950,76,5776,2
59996281,1943,2,1,2,1,1,1,55,2,D,0.0,1017.0,1017.0,0.0,0.0,0.0,31937.0,0.0,1,1940,80,6400,2
60085705,1998,1,2,5,5,4,6,36,1,I,,,,,,,,,2,2000,25,625,4
60143155,1971,1,1,5,2,6,2,12,3,R,,,,,1.0,,,,1,1970,52,2704,4
6021461,1944,2,3,3,3,5,2,21,3,R,,,,,1.0,,,,3,1940,79,6241,3
60363059,1956,1,1,2,4,5,2,12,3,R,0.0,437.0,437.0,0.0,1.0,0.0,10833.0,0.0,1,1960,67,4489,2
60365431,1988,1,1,3,3,5,2,21,3,R,0.0,305.0,305.0,0.0,1.0,0.0,5311.0,0.0,1,1990,35,1225,3
60381567,1952,1,3,2,1,2,1,6,4,D,0.0,196.0,196.0,0.0,0.0,0.0,11155.0,0.0,3,1950,71,5041,2
6058677,1992,2,2,3,1,1,-1,48,3,D,,,,,0.0,,,,2,1990,31,961,3
60737521,1956,2,2,2,5,8,1,36,1,,0.0,475.0,475.0,0.0,,0.0,19969.0,0.0,2,1960,67,4489,2
60924729,1970,2,1,5,3,4,1,42,1,I,,,,,,,,,1,1970,53,2809,4
61085329,1983,2,2,5,1,2,1,47,3,D,0.0,5244.0,5244.0,0.0,0.0,0.0,163652.0,0.0,2,1980,40,1600,4
61135797,1973,2,1,5,-1,-1,2,27,2,,0.0,12382.0,12382.0,0.0,,0.0,430461.0,0.0,1,1970,50,2500,4
61734017,1994,1,1,2,3,4,6,16,4,I,,,,,,,,,1,1990,29,841,2
6187219,1939,2,1,6,3,5,2,34,1,R,0.0,5427.0,5427.0,0.0,1.0,0.0,66252.0,0.0,1,1940,84,7056,4
61982915,1997,2,1,5,1,1,1,34,1,D,0.0,2688.0,2688.0,0.0,0.0,0.0,171203.0,0.0,1,2000,26,676,4
62343525,1972,1,2,5,1,3,-1,51,3,D,,,,,0.0,,,,2,1970,51,2601,4
6251069,1970,2,3,2,3,3,1,9,1,D,0.0,2341.0,2341.0,0.0,0.0,0.0,261254.0,0.0,3,1970,53,2809,2
62584701,2000,1,1,3,1,1,-1,36,1,D,37.0,11785.0,11822.0,0.31297580781593637,0.0,508.0,297221.0,1.0,1,2000,23,529,3
62680587,1994,2,1,5,2,6,2,17,2,R,,,,,1.0,,,,1,1990,29,841,4
62710355,1971,1,1,6,3,5,2,51,3,R,,,,,1.0,,,,1,1970,52,2704,4
6289175,1938,2,1,2,2,7,2,18,2,R,0.0,30746.0,30746.0,0.0,1.0,0.0,304368.0,0.0,1,1940,85,7225,2
629125,1941,2,1,2,1,1,1,17,2,D,0.0,1117.0,1117.0,0.0,0.0,0.0,100506.0,0.0,1,1940,82,6724,2
6312201,1936,1,1,2,1,1,1,25,1,D,,,,,0.0,,,,1,1940,87,7569,2
63267117,1977,1,3,3,3,3,6,12,3,D,0.0,55.0,55.0,0.0,0.0,0.0,1152.0,0.0,3,1980,46,2116,3
63306921,1953,1,1,2,4,4,6,27,2,I,12.0,3584.0,3596.0,0.33370411568409347,,800.0,94608.0,1.0,1,1950,70,4900,2
6342465,1962,2,3,3,1,2,1,36,1,D,,,,,0.0,,,,3,1960,61,3721,3
63970529,1975,1,3,5,2,7,2,48,3,R,,,,,1.0,,,,3,1980,48,2304,4
64020865,1983,2,2,1,1,1,-1,13,3,D,0.0,557.0,557.0,0.0,0.0,0.0,20054.0,0.0,2,1980,40,1600,1
6420621,1961,2,3,2,3,4,6,48,3,I,0.0,28883.0,28883.0,0.0,,0.0,370164.0,0.0,3,1960,62,3844,2
64336459,1963,1,1,5,1,2,1,41,4,D,,,,,0.0,,,,1,1960,60,3600,4
645543,1941,2,6,5,3,4,2,8,4,I,0.0,29617.0,29617.0,0.0,,0.0,301427.0,0.0,5,1940,82,6724,4
64647997,1981,2,2,2,1,1,1,1,3,D,,,,,0.0,,,,2,1980,42,1764,2
6517523,1944,2,1,3,3,5,2,36,1,R,,,,,1.0,,,,1,1940,79,6241,3
65199733,1945,1,7,1,3,4,6,47,3,I,197.0,1170.0,1367.0,14.411119239209949,,35092.0,212627.0,1.0,5,1940,78,6084,1
65211183,1948,2,2,2,1,2,1,37,3,D,0.0,8423.0,8423.0,0.0,0.0,0.0,208544.0,0.0,2,1950,75,5625,2
6533753,1935,2,1,2,2,6,2,12,3,R,0.0,2919.0,2919.0,0.0,1.0,0.0,78186.0,0.0,1,1940,88,7744,2
6546447,1951,1,1,1,1,1,1,42,1,D,0.0,2476.0,2476.0,0.0,0.0,0.0,174052.0,0.0,1,1950,72,5184,1
65473789,1999,1,3,4,3,4,1,32,4,I,1838.0,2157.0,3995.0,46.00750938673342,,99625.0,47259.0,1.0,3,2000,24,576,4
65829951,1991,1,1,3,3,4,1,6,4,I,,,,,,,,,1,1990,32,1024,3
66744613,1982,2,3,2,5,8,6,18,2,,0.0,485.0,485.0,0.0,,0.0,15312.0,0.0,3,1980,41,1681,2
6707923,1956,2,1,1,3,3,-1,48,3,D,0.0,119.0,119.0,0.0,0.0,0.0,53056.0,0.0,1,1960,67,4489,1
67106331,1975,2,2,2,1,1,1,34,1,D,17.0,1017.0,1034.0,1.6441005802707929,0.0,198.0,23931.0,1.0,2,1980,48,2304,2
67127367,1948,2,1,4,3,4,2,6,4,I,,,,,,,,,1,1950,75,5625,4
67127927,1960,2,2,6,1,1,-1,13,3,D,,,,,0.0,,,,2,1960,63,3969,4
67483671,1969,1,2,6,3,4,1,24,3,I,,,,,,,,,2,1970,54,2916,4
67495771,1990,1,1,5,2,6,2,18,2,R,0.0,7088.0,7088.0,0.0,1.0,0.0,207236.0,0.0,1,1990,33,1089,4
67522907,1953,2,2,5,1,1,1,22,3,D,,,,,0.0,,,,2,1950,70,4900,4
67554343,1980,2,2,3,1,1,1,40,3,D,,,,,0.0,,,,2,1980,43,1849,3
6761451,1955,1,2,2,1,1,1,51,3,D,56.0,4872.0,4928.0,1.1363636363636365,0.0,3968.0,237545.0,1.0,2,1960,68,4624,2
67753357,1976,1,3,5,1,1,1,55,2,D,,,,,0.0,,,,3,1980,47,2209,4
68041429,1977,1,1,6,2,7,2,49,4,R,,,,,1.0,,,,1,1980,46,2116,4
68422217,1999,1,4,3,3,8,-1,51,3,,,,,,,,,,4,2000,24,576,3
68445177,1966,2,1,5,2,7,2,45,3,R,,,,,1.0,,,,1,1970,57,3249,4
68530829,1972,2,4,5,1,2,1,6,4,D,0.0,15320.0,15320.0,0.0,0.0,0.0,1460545.0,0.0,4,1970,51,2601,4
68554135,1945,1,3,5,1,2,1,12,3,D,,,,,0.0,,,,3,1940,78,6084,4
6902469,1938,2,1,6,2,6,2,12,3,R,0.0,4824.0,4824.0,0.0,1.0,0.0,184873.0,0.0,1,1940,85,7225,4
69742575,1973,2,2,2,1,1,1,37,3,D,14.0,10705.0,10719.0,0.1306091986192742,0.0,62.0,153497.0,1.0,2,1970,50,2500,2
7000719,1964,2,3,5,1,2,2,34,1,D,,,,,0.0,,,,3,1960,59,3481,4
7001585,1930,2,1,2,2,7,2,12,3,R,0.0,1307.0,1307.0,0.0,1.0,0.0,180421.0,0.0,1,1930,93,8649,2
70406471,1969,1,1,6,1,2,1,48,3,D,,,,,0.0,,,,1,1970,54,2916,4
70603697,1961,2,1,5,2,7,2,13,3,R,5.0,10638.0,10643.0,0.0469792351780513,1.0,132.0,265631.0,1.0,1,1960,62,3844,4
71032563,1996,1,2,1,1,1,-1,22,3,D,794.0,12666.0,13460.0,5.898959881129271,0.0,9406.0,320552.0,1.0,2,2000,27,729,1
71108015,1982,2,2,2,1,1,6,5,3,D,,,,,0.0,,,,2,1980,41,1681,2
7142187,1983,2,3,2,1,2,6,48,3,D,0.0,14.0,14.0,0.0,0.0,0.0,510.0,0.0,3,1980,40,1600,2
71502609,1995,1,1,6,3,3,6,6,4,D,,,,,0.0,,,,1,2000,28,784,4
71581833,1991,2,2,3,3,5,1,48,3,R,,,,,1.0,,,,2,1990,32,1024,3
716485,1983,2,1,5,5,4,1,42,1,I,,,,,,,,,1,1980,40,1600,4
71744923,1994,2,2,5,4,4,6,18,2,I,,,,,,,,,2,1990,29,841,4
71787827,1993,2,3,3,5,8,6,32,4,,,,,,,,,,3,1990,30,900,3
71792247,1962,2,2,2,2,7,-1,6,4,R,0.0,843.0,843.0,0.0,1.0,0.0,486230.0,0.0,2,1960,61,3721,2
71792675,1986,2,2,2,1,2,6,27,2,D,,,,,0.0,,,,2,1990,37,1369,2
71965565,1994,2,3,1,3,4,6,1,3,I,0.0,19009.0,19009.0,0.0,,0.0,1429550.0,0.0,3,1990,29,841,1
7207677,1971,1,1,6,1,1,1,26,2,D,,,,,0.0,,,,1,1970,52,2704,4
72130343,1971,2,7,6,1,1,1,6,4,D,,,,,0.0,,,,5,1970,52,2704,4
72152779,1969,2,6,2,3,4,1,37,3,I,,,,,,,,,5,1970,54,2916,2
72278007,1949,1,1,1,3,4,2,27,2,I,12.0,4579.0,4591.0,0.2613809627532128,,50.0,59039.0,1.0,1,1950,74,5476,1
72345761,1948,2,1,2,2,7,2,32,4,R,0.0,29892.0,29892.0,0.0,1.0,0.0,326533.0,0.0,1,1950,75,5625,2
7276707,1964,2,3,2,1,1,1,35,4,D,21.0,624.0,645.0,3.255813953488372,0.0,5660.0,36011.0,1.0,3,1960,59,3481,2
729591,1937,2,1,5,3,4,1,40,3,I,0.0,20739.0,20739.0,0.0,,0.0,260248.0,0.0,1,1940,86,7396,4
73398061,1997,1,2,3,5,4,-1,42,1,I,0.0,3198.0,3198.0,0.0,,0.0,71036.0,0.0,2,2000,26,676,3
7410899,1956,2,3,3,1,1,1,12,3,D,0.0,11355.0,11355.0,0.0,0.0,0.0,411130.0,0.0,3,1960,67,4489,3
7420739,1980,2,3,1,2,7,2,6,4,R,0.0,90.0,90.0,0.0,1.0,0.0,5768.0,0.0,3,1980,43,1849,1
74252827,1957,1,2,5,1,1,1,24,3,D,,,,,0.0,,,,2,1960,66,4356,4
74622479,1972,1,3,4,1,1,1,6,4,D,,,,,0.0,,,,3,1970,51,2601,4
74897183,1999,2,1,3,3,5,-1,40,3,R,0.0,1376.0,1376.0,0.0,1.0,0.0,148921.0,0.0,1,2000,24,576,3
75085271,1977,2,6,6,3,8,-1,48,3,,,,,,,,,,5,1980,46,2116,4
75131587,1976,1,1,2,2,7,2,17,2,R,,,,,1.0,,,,1,1980,47,2209,2
75436997,1961,1,1,2,3,4,3,55,2,I,,,,,,,,,1,1960,62,3844,2
7566023,1943,2,1,5,2,7,2,51,3,R,0.0,10720.0,10720.0,0.0,1.0,0.0,244837.0,0.0,1,1940,80,6400,4
75827331,1966,1,3,6,3,3,1,48,3,D,,,,,0.0,,,,3,1970,57,3249,4
75839361,1987,1,1,4,1,1,1,51,3,D,,,,,0.0,,,,1,1990,36,1296,4
76001643,1943,1,1,2,1,1,1,17,2,D,,,,,0.0,,,,1,1940,80,6400,2
76297175,1969,2,2,5,1,1,1,13,3,D,,,,,0.0,,,,2,1970,54,2916,4
77034419,1974,2,3,5,3,4,6,48,3,I,0.0,10264.0,10264.0,0.0,,0.0,208708.0,0.0,3,1970,49,2401,4
78277455,1987,1,1,2,2,7,2,17,2,R,0.0,647.0,647.0,0.0,1.0,0.0,15706.0,0.0,1,1990,36,1296,2
78770073,1975,1,1,2,3,4,6,53,4,I,,,,,,,,,1,1980,48,2304,2
78914307,1971,1,2,3,1,1,1,13,3,D,,,,,0.0,,,,2,1970,52,2704,3
78970099,1992,1,1,3,2,7,2,18,2,R,,,,,1.0,,,,1,1990,31,961,3
79131065,1950,2,1,6,3,5,2,36,1,R,0.0,383.0,383.0,0.0,1.0,0.0,27784.0,0.0,1,1950,73,5329,4
79190829,1989,2,1,5,2,7,2,6,4,R,,,,,1.0,,,,1,1990,34,1156,4
79502605,1989,1,4,5,3,3,6,6,4,D,0.0,188.0,188.0,0.0,0.0,0.0,4206.0,0.0,4,1990,34,1156,4
79516785,1971,1,3,5,4,3,-1,48,3,D,0.0,477.0,477.0,0.0,0.0,0.0,24867.0,0.0,3,1970,52,2704,4
7962873,1997,1,2,3,1,2,1,29,2,D,10.0,10601.0,10611.0,0.09424182452172274,0.0,294.0,829718.0,1.0,2,2000,26,676,3
79706153,1982,2,3,5,1,1,-1,36,1,D,2.0,2972.0,2974.0,0.06724949562878278,0.0,156.0,159694.0,1.0,3,1980,41,1681,4
79881,1940,1,1,3,1,1,1,48,3,D,,,,,0.0,,,,1,1940,83,6889,3
79890429,1996,1,1,5,-1,-1,-1,29,2,,,,,,,,,,1,2000,27,729,4
79926953,1973,1,1,2,3,5,1,29,2,R,2560.0,29747.0,32307.0,7.923979323366454,1.0,96752.0,960572.0,1.0,1,1970,50,2500,2
80065501,1994,2,1,6,3,3,3,24,3,D,,,,,0.0,,,,1,1990,29,841,4
80117123,1991,1,1,4,2,7,2,18,2,R,,,,,1.0,,,,1,1990,32,1024,4
80237513,1962,1,2,6,3,5,2,8,4,R,0.0,1185.0,1185.0,0.0,1.0,0.0,171540.0,0.0,2,1960,61,3721,4
80388975,1993,1,2,3,3,3,1,36,1,D,,,,,0.0,,,,2,1990,30,900,3
80623593,1985,2,3,1,3,3,1,48,3,D,0.0,2.0,2.0,0.0,0.0,0.0,8.0,0.0,3,1980,38,1444,1
80808769,1982,2,3,3,1,1,1,12,3,D,,,,,0.0,,,,3,1980,41,1681,3
80976967,1961,2,1,5,2,6,2,30,4,R,,,,,1.0,,,,1,1960,62,3844,4
80984115,1980,2,4,5,1,1,1,25,1,D,,,,,0.0,,,,4,1980,43,1849,4
81230601,1984,1,6,5,1,2,-1,47,3,D,,,,,0.0,,,,5,1980,39,1521,4
81231747,1996,2,1,2,5,4,2,25,1,I,0.0,1390.0,1390.0,0.0,,0.0,41434.0,0.0,1,2000,27,729,2
81234137,1972,2,7,3,2,6,6,27,2,R,,,,,1.0,,,,5,1970,51,2601,3
81319987,1989,1,7,4,2,7,2,37,3,R,,,,,1.0,,,,5,1990,34,1156,4
81355793,1947,2,1,2,2,6,6,12,3,R,0.0,551.0,551.0,0.0,1.0,0.0,30915.0,0.0,1,1950,76,5776,2
8167881,1937,2,1,4,4,4,6,39,2,I,0.0,3392.0,3392.0,0.0,,0.0,132904.0,0.0,1,1940,86,7396,4
82054167,1998,2,2,2,3,3,1,37,3,D,,,,,0.0,,,,2,2000,25,625,2
82155209,1962,1,1,5,3,3,1,18,2,D,,,,,0.0,,,,1,1960,61,3721,4
82175211,1974,2,1,5,1,1,1,37,3,D,,,,,0.0,,,,1,1970,49,2401,4
82198187,1945,1,1,5,2,7,2,18,2,R,,,,,1.0,,,,1,1940,78,6084,4
82263233,1992,2,1,3,2,7,2,51,3,R,,,,,1.0,,,,1,1990,31,961,3
8228137,1975,2,1,1,2,7,2,29,2,R,10.0,27752.0,27762.0,0.03602045962106477,1.0,150.0,285444.0,1.0,1,1980,48,2304,1
8236437,1966,2,2,3,1,1,1,12,3,D,,,,,0.0,,,,2,1970,57,3249,3
82485793,1983,1,1,2,1,2,6,5,3,D,,,,,0.0,,,,1,1980,40,1600,2
82496445,1960,1,1,2,2,7,6,51,3,R,57.0,19285.0,19342.0,0.29469548133595286,1.0,1036.0,473356.0,1.0,1,1960,63,3969,2
82534969,1973,1,3,6,2,6,-1,6,4,R,459.0,628.0,1087.0,42.2263109475621,1.0,9640.0,8719.0,1.0,3,1970,50,2500,4
82578073,1996,1,1,2,3,4,2,29,2,I,,,,,,,,,1,2000,27,729,2
82663501,1956,1,2,2,1,1,1,17,2,D,0.0,388.0,388.0,0.0,0.0,0.0,92682.0,0.0,2,1960,67,4489,2
82698685,1963,2,2,3,-1,-1,-1,12,3,,,,,,,,,,2,1960,60,3600,3
82754031,1945,2,1,1,2,7,2,39,2,R,0.0,1208.0,1208.0,0.0,1.0,0.0,588895.0,0.0,1,1940,78,6084,1
82853783,1953,1,2,6,3,5,-1,37,3,R,,,,,1.0,,,,2,1950,70,4900,4
82878039,1997,2,3,4,3,4,-1,29,2,I,,,,,,,,,3,2000,26,676,4
83172605,1967,1,1,2,1,2,6,54,3,D,10.0,514.0,524.0,1.9083969465648856,0.0,2224.0,44688.0,1.0,1,1970,56,3136,2
83480511,1948,2,1,6,2,7,2,12,3,R,,,,,1.0,,,,1,1950,75,5625,4
8349245,1937,2,6,6,1,1,1,32,4,D,,,,,0.0,,,,5,1940,86,7396,4
83800837,1994,1,1,3,3,4,-1,48,3,I,0.0,2374.0,2374.0,0.0,,0.0,445105.0,0.0,1,1990,29,841,3
83857693,1986,2,1,5,2,7,2,47,3,R,,,,,1.0,,,,1,1990,37,1369,4
83984731,1984,1,1,2,2,7,2,40,3,R,,,,,1.0,,,,1,1980,39,1521,2
84585575,1995,2,3,5,3,4,-1,34,1,I,,,,,,,,,3,2000,28,784,4
84782569,1995,2,1,5,3,3,1,6,4,D,,,,,0.0,,,,1,2000,28,784,4
84913263,1997,2,2,6,1,1,-1,39,2,D,6.0,1396.0,1402.0,0.42796005706134094,0.0,1710.0,257871.0,1.0,2,2000,26,676,4
85126901,1990,1,4,3,5,8,-1,6,4,,,,,,,,,,4,1990,33,1089,3
85140081,1989,2,3,3,2,6,2,51,3,R,,,,,1.0,,,,3,1990,34,1156,3
8531583,1982,1,3,5,1,1,2,6,4,D,,,,,0.0,,,,3,1980,41,1681,4
8534675,1995,1,3,5,1,2,6,6,4,D,222.0,4910.0,5132.0,4.325798908807482,0.0,7966.0,135796.0,1.0,3,2000,28,784,4
8538267,1989,1,2,4,1,2,1,12,3,D,,,,,0.0,,,,2,1990,34,1156,4
85596483,1979,2,1,6,1,1,1,34,1,D,,,,,0.0,,,,1,1980,44,1936,4
8559845,1969,2,3,2,1,2,1,48,3,D,0.0,9003.0,9003.0,0.0,0.0,0.0,259060.0,0.0,3,1970,54,2916,2
8565859,1953,2,2,2,1,2,1,13,3,D,146.0,5455.0,5601.0,2.6066773790394575,0.0,2049.0,83689.0,1.0,2,1950,70,4900,2
85669295,1993,1,1,5,1,1,1,27,2,D,,,,,0.0,,,,1,1990,30,900,4
85675727,1982,1,1,5,1,2,1,6,4,D,2.0,2460.0,2462.0,0.08123476848090982,0.0,20.0,80380.0,1.0,1,1980,41,1681,4
85759253,1990,1,3,4,2,6,2,48,3,R,,,,,1.0,,,,3,1990,33,1089,4
85862521,2002,2,1,2,1,1,1,39,2,D,,,,,0.0,,,,1,2000,21,441,2
85923089,1976,1,4,3,3,3,6,6,4,D,,,,,0.0,,,,4,1980,47,2209,3
8637337,1961,2,3,2,2,6,2,6,4,R,0.0,1651.0,1651.0,0.0,1.0,0.0,74521.0,0.0,3,1960,62,3844,2
865545,1956,1,1,2,2,7,-1,37,3,R,0.0,154.0,154.0,0.0,1.0,0.0,8790.0,0.0,1,1960,67,4489,2
86645135,1964,1,1,2,-1,-1,1,25,1,,,,,,,,,,1,1960,59,3481,2
86699163,1949,1,1,2,2,6,-1,20,2,R,0.0,15.0,15.0,0.0,1.0,0.0,5676.0,0.0,1,1950,74,5476,2
86856545,1982,1,1,2,3,4,6,25,1,I,,,,,,,,,1,1980,41,1681,2
8694477,1948,2,2,2,3,3,1,12,3,D,0.0,7708.0,7708.0,0.0,0.0,0.0,383563.0,0.0,2,1950,75,5625,2
8736743,1973,1,1,2,3,4,2,36,1,I,,,,,,,,,1,1970,50,2500,2
8749571,1953,2,6,1,1,1,1,12,3,D,0.0,12796.0,12796.0,0.0,0.0,0.0,417292.0,0.0,5,1950,70,4900,1
8752945,1950,2,1,2,2,7,2,37,3,R,0.0,1431.0,1431.0,0.0,1.0,0.0,49108.0,0.0,1,1950,73,5329,2
87564317,1950,2,1,2,2,6,2,6,4,R,0.0,3108.0,3108.0,0.0,1.0,0.0,86630.0,0.0,1,1950,73,5329,2
87590911,1950,2,1,2,3,4,2,55,2,I,0.0,10229.0,10229.0,0.0,,0.0,599994.0,0.0,1,1950,73,5329,2
8771815,1984,1,2,2,1,1,1,17,2,D,,,,,0.0,,,,2,1980,39,1521,2
8773451,1960,1,3,2,1,2,1,42,1,D,7.0,1648.0,1655.0,0.4229607250755287,0.0,280.0,33783.0,1.0,3,1960,63,3969,2
87822007,1966,1,1,5,-1,-1,-1,48,3,,,,,,,,,,1,1970,57,3249,4
8783205,1948,1,1,3,2,7,2,48,3,R,,,,,1.0,,,,1,1950,75,5625,3
87972675,2000,1,4,3,1,1,-1,24,3,D,0.0,2799.0,2799.0,0.0,0.0,0.0,70218.0,0.0,4,2000,23,529,3
87989253,1990,1,1,5,3,5,2,39,2,R,0.0,14.0,14.0,0.0,1.0,0.0,1092.0,0.0,1,1990,33,1089,4
8799581,1988,1,3,3,1,1,6,36,1,D,10.0,126.0,136.0,7.352941176470589,0.0,116.0,3417.0,1.0,3,1990,35,1225,3
88094831,1994,2,1,6,2,6,2,18,2,R,,,,,1.0,,,,1,1990,29,841,4
8815273,1956,1,1,2,3,5,6,45,3,R,5.0,60.0,65.0,7.6923076923076925,1.0,0.0,3038.0,1.0,1,1960,67,4489,2
88184655,1966,1,1,2,3,4,6,28,3,I,73.0,465.0,538.0,13.568773234200743,,2290.0,25445.0,1.0,1,1970,57,3249,2
8819339,1938,2,1,3,2,6,2,17,2,R,0.0,8903.0,8903.0,0.0,1.0,0.0,166275.0,0.0,1,1940,85,7225,3
882005,1953,2,7,3,3,3,1,53,4,D,0.0,265.0,265.0,0.0,0.0,0.0,19254.0,0.0,5,1950,70,4900,3
88203825,2001,2,2,4,1,2,1,12,3,D,0.0,3594.0,3594.0,0.0,0.0,0.0,284056.0,0.0,2,2000,22,484,4
8820539,1995,2,4,5,1,2,-1,6,4,D,,,,,0.0,,,,4,2000,28,784,4
8834669,1962,2,3,1,1,1,1,36,1,D,3.0,22748.0,22751.0,0.013186233572150676,0.0,166.0,609204.0,1.0,3,1960,61,3721,1
88524365,1970,1,3,2,1,1,1,48,3,D,0.0,7225.0,7225.0,0.0,0.0,0.0,111888.0,0.0,3,1970,53,2809,2
88728341,2002,1,2,2,3,3,6,6,4,D,189.0,1475.0,1664.0,11.358173076923077,0.0,37584.0,42044.0,1.0,2,2000,21,441,2
89953159,1978,2,3,2,2,6,2,48,3,R,2.0,15731.0,15733.0,0.012712133731646856,1.0,80.0,388992.0,1.0,3,1980,45,2025,2
90212583,1978,2,3,4,3,4,-1,12,3,I,0.0,970.0,970.0,0.0,,0.0,33138.0,0.0,3,1980,45,2025,4
90303595,1982,1,1,1,2,6,-1,12,3,R,,,,,1.0,,,,1,1980,41,1681,1
9045655,1960,1,4,5,3,4,2,15,4,I,,,,,,,,,4,1960,63,3969,4
90686447,1984,2,2,5,1,1,-1,37,3,D,0.0,19536.0,19536.0,0.0,0.0,0.0,887544.0,0.0,2,1980,39,1521,4
9074417,1943,1,1,2,3,5,2,39,2,R,81.0,262.0,343.0,23.61516034985423,1.0,29400.0,51866.0,1.0,1,1940,80,6400,2
9098949,1990,2,2,4,1,1,1,22,3,D,,,,,0.0,,,,2,1990,33,1089,4
9126985,1975,2,1,6,3,4,2,26,2,I,,,,,,,,,1,1980,48,2304,4
91579091,1996,1,4,5,1,2,1,22,3,D,,,,,0.0,,,,4,2000,27,729,4
91581341,1986,2,2,5,1,1,6,13,3,D,,,,,0.0,,,,2,1990,37,1369,4
9200625,1977,1,3,5,3,3,6,6,4,D,2.0,13727.0,13729.0,0.014567703401558744,0.0,60.0,981482.0,1.0,3,1980,46,2116,4
92034465,1983,2,1,2,2,7,2,18,2,R,,,,,1.0,,,,1,1980,40,1600,2
9218311,1966,2,3,6,1,2,6,1,3,D,,,,,0.0,,,,3,1970,57,3249,4
9222767,1971,1,1,4,2,6,2,16,4,R,0.0,5266.0,5266.0,0.0,1.0,0.0,366351.0,0.0,1,1970,52,2704,4
9224579,1965,1,3,5,3,5,6,12,3,R,0.0,9413.0,9413.0,0.0,1.0,0.0,272682.0,0.0,3,1960,58,3364,4
9224949,1945,1,1,5,1,2,2,41,4,D,,,,,0.0,,,,1,1940,78,6084,4
925155,1961,1,1,6,2,7,2,39,2,R,,,,,1.0,,,,1,1960,62,3844,4
92660435,1989,1,1,5,3,4,1,39,2,I,,,,,,,,,1,1990,34,1156,4
92674277,1972,2,5,6,3,3,1,27,2,D,,,,,0.0,,,,5,1970,51,2601,4
9267561,1997,1,3,2,3,4,6,6,4,I,0.0,32.0,32.0,0.0,,0.0,506.0,0.0,3,2000,26,676,2
92740481,1999,1,1,3,3,5,2,93,-1,R,0.0,20786.0,20786.0,0.0,1.0,0.0,379850.0,0.0,1,2000,24,576,3
92919305,1961,1,2,6,1,1,1,24,3,D,,,,,0.0,,,,2,1960,62,3844,4
92953651,1982,1,2,2,3,4,1,12,3,I,,,,,,,,,2,1980,41,1681,2
92995949,1994,1,3,5,4,3,-1,6,4,D,0.0,4.0,4.0,0.0,0.0,0.0,210.0,0.0,3,1990,29,841,4
93096729,1992,1,3,2,2,7,6,6,4,R,0.0,25.0,25.0,0.0,1.0,0.0,666.0,0.0,3,1990,31,961,2
93227001,1976,2,1,6,3,5,2,9,1,R,0.0,2881.0,2881.0,0.0,1.0,0.0,162734.0,0.0,1,1980,47,2209,4
9348897,1955,2,1,3,2,6,3,6,4,R,,,,,1.0,,,,1,1960,68,4624,3
93815793,1967,2,1,2,2,7,2,40,3,R,0.0,4400.0,4400.0,0.0,1.0,0.0,138818.0,0.0,1,1970,56,3136,2
9382705,1953,1,3,2,1,1,1,6,4,D,33.0,157.0,190.0,17.36842105263158,0.0,7896.0,7248.0,1.0,3,1950,70,4900,2
948977,1945,1,1,5,3,5,2,37,3,R,,,,,1.0,,,,1,1940,78,6084,4
1087061,1948,1,1,6,3,4,2,41,4,I,0.0,7656.0,7656.0,0.0,,0.0,570490.0,0.0,1,1950,75,5625,4
1106525,1947,2,1,2,1,1,1,12,3,D,0.0,14860.0,14860.0,0.0,0.0,0.0,219580.0,0.0,1,1950,76,5776,2
1126443,1941,1,1,5,1,1,1,26,2,D,,,,,0.0,,,,1,1940,82,6724,4
1149777,1964,2,2,5,1,1,1,12,3,D,,,,,0.0,,,,2,1960,59,3481,4
1279017,1985,2,1,6,2,7,2,27,2,R,,,,,1.0,,,,1,1980,38,1444,4
1291451,1955,2,1,2,2,7,2,49,4,R,,,,,1.0,,,,1,1960,68,4624,2
1356687,1939,1,3,6,1,1,1,48,3,D,,,,,0.0,,,,3,1940,84,7056,4
1462401,1942,2,2,5,1,1,1,13,3,D,30.0,21792.0,21822.0,0.13747594171020072,0.0,193.0,393162.0,1.0,2,1940,81,6561,4
1473089,1957,2,2,2,1,2,6,22,3,D,0.0,6835.0,6835.0,0.0,0.0,0.0,416680.0,0.0,2,1960,66,4356,2
1511441,1937,2,1,5,2,7,2,41,4,R,0.0,3198.0,3198.0,0.0,1.0,0.0,118602.0,0.0,1,1940,86,7396,4
1580341,1940,2,1,2,2,7,2,39,2,R,0.0,323.0,323.0,0.0,1.0,0.0,4228.0,0.0,1,1940,83,6889,2
1585201,1955,2,2,4,1,1,1,51,3,D,0.0,3578.0,3578.0,0.0,0.0,0.0,113355.0,0.0,2,1960,68,4624,4
1588369,1939,1,1,3,4,4,2,32,4,I,,,,,,,,,1,1940,84,7056,3
1629501,1939,1,1,2,2,7,2,42,1,R,27.0,21312.0,21339.0,0.12652889076339097,1.0,84.0,312475.0,1.0,1,1940,84,7056,2
1650613,1951,1,1,6,1,1,-1,48,3,D,,,,,0.0,,,,1,1950,72,5184,4
1685951,1956,1,1,2,2,6,2,25,1,R,0.0,8416.0,8416.0,0.0,1.0,0.0,356389.0,0.0,1,1960,67,4489,2
1692601,1944,1,1,5,2,7,2,10,3,R,,,,,1.0,,,,1,1940,79,6241,4
1736803,1967,1,1,6,3,3,1,48,3,D,,,,,0.0,,,,1,1970,56,3136,4
1802885,1935,1,1,6,4,5,2,12,3,R,,,,,1.0,,,,1,1940,88,7744,4
1809723,1943,1,1,2,1,1,1,51,3,D,,,,,0.0,,,,1,1940,80,6400,2
1827351,1947,1,1,5,3,4,1,31,2,I,,,,,,,,,1,1950,76,5776,4
1924249,1980,1,7,4,2,7,2,6,4,R,,,,,1.0,,,,5,1980,43,1849,4
1988109,1953,2,3,5,3,4,6,51,3,I,,,,,,,,,3,1950,70,4900,4
